,BD1,BD2
0,0.015625,0.015625
1,-0.015625,0.015625
2,0.015625,0.015625
3,-0.015625,-0.015625
4,0.015625,0.015625
5,0.015625,0.015625
6,0.015625,0.015625
7,0.015625,0.015625
8,0.015625,0.015625
9,0.015625,-0.015625
10,-0.015625,0.015625
11,-0.015625,0.015625
12,0.015625,-0.015625
13,-0.015625,0.015625
14,-0.015625,0.015625
15,0.015625,-0.015625
16,0.015625,0.015625
17,0.015625,0.015625
18,0.015625,-0.015625
19,0.015625,-0.015625
20,0.015625,0.015625
21,-0.015625,-0.015625
22,-0.015625,-0.015625
23,0.015625,-0.015625
24,-0.015625,0.015625
25,-0.015625,-0.015625
26,0.015625,0.015625
27,0.015625,0.015625
28,0.015625,0.015625
29,0.015625,-0.015625
30,0.015625,0.015625
31,-0.015625,0.015625
32,0.015625,0.015625
33,0.015625,0.015625
34,0.015625,-0.015625
35,-0.015625,0.015625
36,0.015625,-0.015625
37,0.015625,-0.015625
38,0.015625,0.015625
39,-0.015625,-0.015625
40,0.015625,0.015625
41,-0.015625,-0.015625
42,-0.015625,-0.015625
43,-0.015625,-0.015625
44,0.015625,-0.015625
45,0.015625,0.015625
46,0.015625,-0.015625
47,0.015625,-0.015625
48,0.015625,0.015625
49,0.015625,-0.015625
50,0.015625,-0.015625
51,0.015625,0.015625
52,0.015625,0.015625
53,0.015625,0.015625
54,0.015625,0.015625
55,0.015625,0.015625
56,0.015625,0.015625
57,0.015625,0.015625
58,0.015625,0.015625
59,-0.015625,0.015625
60,0.015625,0.015625
61,0.015625,-0.015625
62,0.015625,-0.015625
63,0.015625,-0.015625
64,0.015625,0.015625
65,0.015625,0.015625
66,-0.015625,0.015625
67,0.015625,-0.015625
68,0.015625,0.015625
69,0.015625,0.015625
70,0.015625,-0.015625
71,0.015625,-0.015625
72,0.015625,0.015625
73,0.015625,0.015625
74,0.015625,0.015625
75,-0.015625,0.015625
76,-0.015625,0.015625
77,0.015625,0.015625
78,-0.015625,0.015625
79,-0.015625,-0.015625
80,-0.015625,0.015625
81,-0.015625,-0.015625
82,-0.015625,-0.015625
83,0.015625,-0.015625
84,0.015625,0.015625
85,-0.015625,-0.015625
86,0.015625,-0.015625
87,-0.015625,0.015625
88,0.015625,0.015625
89,0.015625,0.015625
90,-0.015625,-0.015625
91,0.015625,-0.015625
92,-0.015625,0.015625
93,0.015625,-0.015625
94,-0.015625,-0.015625
95,-0.015625,0.015625
96,0.015625,-0.015625
97,0.015625,0.015625
98,0.015625,0.015625
99,0.015625,-0.015625
100,0.015625,-0.015625
101,0.015625,-0.015625
102,0.015625,0.015625
103,0.015625,0.015625
104,0.015625,-0.015625
105,-0.015625,0.015625
106,-0.015625,-0.015625
107,-0.015625,-0.015625
108,0.015625,0.015625
109,0.015625,-0.015625
110,-0.015625,-0.015625
111,0.015625,-0.015625
112,0.015625,-0.015625
113,0.015625,-0.015625
114,0.015625,0.015625
115,0.015625,0.015625
116,0.015625,0.015625
117,0.015625,0.015625
118,0.015625,0.015625
119,0.015625,0.015625
120,0.015625,0.015625
121,0.015625,0.015625
122,0.015625,0.015625
123,0.015625,0.015625
124,0.015625,0.015625
125,0.015625,-0.015625
126,0.015625,0.015625
127,0.015625,-0.015625
128,-0.015625,0.015625
129,-0.015625,0.015625
130,-0.015625,0.015625
131,-0.015625,-0.015625
132,0.015625,0.015625
133,-0.015625,0.015625
134,0.015625,0.015625
135,0.015625,-0.015625
136,-0.015625,0.015625
137,0.015625,0.015625
138,-0.015625,0.015625
139,-0.015625,-0.015625
140,-0.015625,-0.015625
141,-0.015625,0.015625
142,-0.015625,-0.015625
143,-0.015625,-0.015625
144,-0.015625,0.015625
145,0.015625,-0.015625
146,0.015625,0.015625
147,-0.015625,-0.015625
148,-0.015625,-0.015625
149,0.015625,-0.015625
150,0.015625,-0.015625
151,0.015625,-0.015625
152,-0.015625,-0.015625
153,-0.015625,-0.015625
154,-0.015625,-0.015625
155,0.015625,-0.015625
156,-0.015625,-0.015625
157,0.015625,0.015625
158,0.015625,-0.015625
159,-0.015625,0.015625
160,0.015625,0.015625
161,0.015625,0.015625
162,0.015625,-0.015625
163,0.015625,-0.015625
164,0.015625,-0.015625
165,0.015625,-0.015625
166,-0.015625,-0.015625
167,0.015625,0.015625
168,0.015625,-0.015625
169,-0.015625,0.015625
170,0.015625,-0.015625
171,0.015625,-0.015625
172,-0.015625,0.015625
173,0.015625,0.015625
174,-0.015625,0.015625
175,-0.015625,-0.015625
176,-0.015625,-0.015625
177,0.015625,0.015625
178,0.015625,-0.015625
179,0.015625,0.015625
180,0.015625,0.015625
181,0.015625,0.015625
182,0.015625,0.015625
183,0.015625,0.015625
184,0.015625,0.015625
185,0.015625,0.015625
186,0.015625,0.015625
187,0.015625,0.015625
188,0.015625,0.015625
189,0.015625,-0.015625
190,0.015625,0.015625
191,0.015625,-0.015625
192,-0.015625,0.015625
193,0.015625,-0.015625
194,-0.015625,-0.015625
195,-0.015625,0.015625
196,0.015625,0.015625
197,0.015625,-0.015625
198,0.015625,-0.015625
199,-0.015625,0.015625
200,0.015625,0.015625
201,0.015625,0.015625
202,0.015625,0.015625
203,-0.015625,0.015625
204,0.015625,0.015625
205,0.015625,-0.015625
206,0.015625,0.015625
207,-0.015625,0.015625
208,0.015625,0.015625
209,0.015625,0.015625
210,-0.015625,0.015625
211,0.015625,-0.015625
212,-0.015625,-0.015625
213,0.015625,-0.015625
214,-0.015625,-0.015625
215,0.015625,-0.015625
216,0.015625,-0.015625
217,-0.015625,-0.015625
218,0.015625,-0.015625
219,-0.015625,0.015625
220,0.015625,0.015625
221,0.015625,0.015625
222,0.015625,-0.015625
223,0.015625,-0.015625
224,-0.015625,-0.015625
225,0.015625,-0.015625
226,0.015625,-0.015625
227,0.015625,0.015625
228,-0.015625,-0.015625
229,-0.015625,-0.015625
230,-0.015625,0.015625
231,0.015625,-0.015625
232,0.015625,-0.015625
233,0.015625,0.015625
234,0.015625,-0.015625
235,0.015625,-0.015625
236,0.015625,-0.015625
237,0.015625,-0.015625
238,-0.015625,-0.015625
239,-0.015625,-0.015625
240,-0.015625,-0.015625
241,0.015625,-0.015625
242,0.015625,0.015625
243,0.015625,-0.015625
244,0.015625,-0.015625
245,0.015625,-0.015625
246,0.015625,0.015625
247,0.015625,0.015625
248,0.015625,0.015625
249,0.015625,0.015625
250,0.015625,0.015625
251,0.015625,0.015625
252,0.015625,-0.015625
253,0.015625,0.015625
254,0.015625,-0.015625
255,0.015625,-0.015625
256,0.015625,0.015625
257,-0.015625,0.015625
258,-0.015625,0.015625
259,0.015625,0.015625
260,0.015625,0.015625
261,-0.015625,0.015625
262,0.015625,0.015625
263,-0.015625,0.015625
264,0.015625,0.015625
265,0.015625,0.015625
266,-0.015625,0.015625
267,0.015625,0.015625
268,0.015625,0.015625
269,0.015625,0.015625
270,-0.015625,-0.015625
271,0.015625,0.015625
272,0.015625,0.015625
273,-0.015625,0.015625
274,0.015625,0.015625
275,-0.015625,-0.015625
276,0.015625,-0.015625
277,0.015625,-0.015625
278,0.015625,0.015625
279,0.015625,-0.015625
280,0.015625,-0.015625
281,0.015625,0.015625
282,-0.015625,-0.015625
283,-0.015625,0.015625
284,-0.015625,0.015625
285,0.015625,0.015625
286,-0.015625,0.015625
287,0.015625,-0.015625
288,0.015625,0.015625
289,0.015625,-0.015625
290,0.015625,-0.015625
291,-0.015625,0.015625
292,-0.015625,-0.015625
293,-0.015625,0.015625
294,0.015625,-0.015625
295,0.015625,-0.015625
296,0.015625,-0.015625
297,0.015625,0.015625
298,0.015625,-0.015625
299,-0.015625,-0.015625
300,0.015625,-0.015625
301,-0.015625,-0.015625
302,-0.015625,0.015625
303,-0.015625,-0.015625
304,-0.015625,-0.015625
305,0.015625,-0.015625
306,-0.015625,-0.015625
307,0.015625,-0.015625
308,0.015625,-0.015625
309,0.015625,0.015625
310,0.015625,0.015625
311,0.015625,0.015625
312,0.015625,0.015625
313,0.015625,0.015625
314,0.015625,0.015625
315,0.015625,-0.015625
316,0.015625,0.015625
317,-0.015625,-0.015625
318,0.015625,0.015625
319,-0.015625,-0.015625
320,-0.015625,0.015625
321,0.015625,0.015625
322,-0.015625,0.015625
323,-0.015625,0.015625
324,-0.015625,0.015625
325,0.015625,-0.015625
326,-0.015625,-0.015625
327,-0.015625,0.015625
328,-0.015625,0.015625
329,-0.015625,0.015625
330,0.015625,0.015625
331,-0.015625,0.015625
332,0.015625,0.015625
333,-0.015625,0.015625
334,-0.015625,0.015625
335,0.015625,0.015625
336,-0.015625,0.015625
337,-0.015625,0.015625
338,-0.015625,0.015625
339,-0.015625,-0.015625
340,0.015625,-0.015625
341,0.015625,-0.015625
342,-0.015625,-0.015625
343,0.015625,-0.015625
344,-0.015625,0.015625
345,0.015625,-0.015625
346,-0.015625,-0.015625
347,-0.015625,0.015625
348,-0.015625,0.015625
349,-0.015625,-0.015625
350,-0.015625,-0.015625
351,0.015625,0.015625
352,-0.015625,-0.015625
353,0.015625,0.015625
354,0.015625,-0.015625
355,0.015625,-0.015625
356,0.015625,-0.015625
357,-0.015625,0.015625
358,0.015625,0.015625
359,0.015625,-0.015625
360,0.015625,-0.015625
361,0.015625,0.015625
362,0.015625,0.015625
363,0.015625,-0.015625
364,-0.015625,0.015625
365,-0.015625,-0.015625
366,-0.015625,-0.015625
367,-0.015625,0.015625
368,-0.015625,-0.015625
369,-0.015625,0.015625
370,-0.015625,-0.015625
371,0.015625,-0.015625
372,0.015625,-0.015625
373,0.015625,-0.015625
374,0.015625,-0.015625
375,0.015625,0.015625
376,0.015625,0.015625
377,0.015625,0.015625
378,0.015625,-0.015625
379,0.015625,0.015625
380,0.015625,-0.015625
381,0.015625,0.015625
382,-0.015625,0.015625
383,-0.015625,-0.015625
384,0.015625,0.015625
385,-0.015625,0.015625
386,-0.015625,0.015625
387,-0.015625,0.015625
388,-0.015625,0.015625
389,-0.015625,-0.015625
390,-0.015625,-0.015625
391,-0.015625,-0.015625
392,-0.015625,0.015625
393,-0.015625,0.015625
394,-0.015625,0.015625
395,-0.015625,0.015625
396,-0.015625,0.015625
397,-0.015625,0.015625
398,-0.015625,0.015625
399,0.015625,0.015625
400,-0.015625,0.015625
401,-0.015625,-0.015625
402,0.015625,-0.015625
403,0.015625,-0.015625
404,-0.015625,-0.015625
405,0.015625,-0.015625
406,-0.015625,0.015625
407,-0.015625,0.015625
408,-0.015625,0.015625
409,0.015625,-0.015625
410,0.015625,-0.015625
411,0.015625,-0.015625
412,-0.015625,0.015625
413,0.015625,-0.015625
414,0.015625,-0.015625
415,-0.015625,-0.015625
416,0.015625,-0.015625
417,0.015625,0.015625
418,-0.015625,-0.015625
419,0.015625,-0.015625
420,-0.015625,-0.015625
421,0.015625,0.015625
422,0.015625,-0.015625
423,0.015625,0.015625
424,0.015625,-0.015625
425,0.015625,-0.015625
426,-0.015625,-0.015625
427,-0.015625,-0.015625
428,0.015625,0.015625
429,0.015625,0.015625
430,-0.015625,-0.015625
431,-0.015625,-0.015625
432,-0.015625,0.015625
433,-0.015625,-0.015625
434,0.015625,-0.015625
435,-0.015625,0.015625
436,-0.015625,-0.015625
437,0.015625,-0.015625
438,0.015625,-0.015625
439,0.015625,-0.015625
440,0.015625,-0.015625
441,0.015625,0.015625
442,0.015625,0.015625
443,0.015625,-0.015625
444,0.015625,-0.015625
445,0.015625,-0.015625
446,-0.015625,-0.015625
447,-0.015625,-0.015625
448,0.015625,0.015625
449,0.015625,0.015625
450,0.015625,0.015625
451,-0.015625,0.015625
452,-0.015625,0.015625
453,0.015625,0.015625
454,0.015625,-0.015625
455,-0.015625,-0.015625
456,-0.015625,0.015625
457,-0.015625,0.015625
458,-0.015625,0.015625
459,-0.015625,0.015625
460,0.015625,0.015625
461,-0.015625,0.015625
462,0.015625,0.015625
463,-0.015625,0.015625
464,-0.015625,0.015625
465,-0.015625,-0.015625
466,-0.015625,-0.015625
467,0.015625,-0.015625
468,0.015625,-0.015625
469,-0.015625,0.015625
470,-0.015625,-0.015625
471,0.015625,-0.015625
472,0.015625,-0.015625
473,0.015625,-0.015625
474,0.015625,-0.015625
475,-0.015625,0.015625
476,0.015625,0.015625
477,0.015625,-0.015625
478,-0.015625,-0.015625
479,-0.015625,0.015625
480,-0.015625,-0.015625
481,0.015625,-0.015625
482,-0.015625,0.015625
483,-0.015625,-0.015625
484,-0.015625,-0.015625
485,-0.015625,-0.015625
486,-0.015625,-0.015625
487,-0.015625,0.015625
488,0.015625,0.015625
489,0.015625,0.015625
490,-0.015625,0.015625
491,-0.015625,-0.015625
492,-0.015625,0.015625
493,-0.015625,0.015625
494,-0.015625,-0.015625
495,0.015625,-0.015625
496,-0.015625,-0.015625
497,0.015625,-0.015625
498,-0.015625,-0.015625
499,-0.015625,-0.015625
500,0.015625,-0.015625
501,0.015625,-0.015625
502,0.015625,0.015625
503,0.015625,-0.015625
504,0.015625,0.015625
505,0.015625,0.015625
506,0.015625,0.015625
507,0.015625,-0.015625
508,-0.015625,-0.015625
509,0.015625,-0.015625
510,-0.015625,-0.015625
511,0.015625,-0.015625
512,0.015625,0.015625
513,0.015625,0.015625
514,-0.015625,0.015625
515,0.015625,0.015625
516,0.015625,0.015625
517,0.015625,0.015625
518,-0.015625,0.015625
519,-0.015625,0.015625
520,-0.015625,0.015625
521,-0.015625,0.015625
522,-0.015625,0.015625
523,0.015625,0.015625
524,0.015625,0.015625
525,0.015625,0.015625
526,-0.015625,0.015625
527,0.015625,0.015625
528,0.015625,0.015625
529,0.015625,-0.015625
530,0.015625,0.015625
531,-0.015625,0.015625
532,0.015625,-0.015625
533,0.015625,-0.015625
534,0.015625,-0.015625
535,0.015625,0.015625
536,0.015625,0.015625
537,0.015625,-0.015625
538,0.015625,-0.015625
539,-0.015625,0.015625
540,-0.015625,-0.015625
541,-0.015625,-0.015625
542,-0.015625,0.015625
543,0.015625,-0.015625
544,-0.015625,-0.015625
545,-0.015625,0.015625
546,0.015625,0.015625
547,0.015625,0.015625
548,-0.015625,-0.015625
549,-0.015625,0.015625
550,-0.015625,-0.015625
551,0.015625,0.015625
552,0.015625,0.015625
553,-0.015625,0.015625
554,-0.015625,0.015625
555,0.015625,-0.015625
556,0.015625,-0.015625
557,0.015625,0.015625
558,0.015625,-0.015625
559,0.015625,-0.015625
560,0.015625,0.015625
561,-0.015625,0.015625
562,0.015625,-0.015625
563,0.015625,0.015625
564,-0.015625,0.015625
565,0.015625,0.015625
566,0.015625,0.015625
567,0.015625,0.015625
568,0.015625,0.015625
569,0.015625,0.015625
570,-0.015625,0.015625
571,0.015625,0.015625
572,0.015625,-0.015625
573,0.015625,0.015625
574,0.015625,-0.015625
575,-0.015625,0.015625
576,0.015625,0.015625
577,0.015625,0.015625
578,-0.015625,0.015625
579,0.015625,0.015625
580,0.015625,0.015625
581,0.015625,0.015625
582,0.015625,-0.015625
583,-0.015625,0.015625
584,-0.015625,0.015625
585,0.015625,0.015625
586,-0.015625,0.015625
587,0.015625,0.015625
588,-0.015625,0.015625
589,0.015625,0.015625
590,-0.015625,0.015625
591,-0.015625,0.015625
592,0.015625,0.015625
593,0.015625,0.015625
594,-0.015625,-0.015625
595,0.015625,0.015625
596,0.015625,-0.015625
597,0.015625,0.015625
598,0.015625,0.015625
599,0.015625,0.015625
600,0.015625,-0.015625
601,0.015625,-0.015625
602,0.015625,0.015625
603,-0.015625,-0.015625
604,-0.015625,0.015625
605,-0.015625,-0.015625
606,-0.015625,-0.015625
607,-0.015625,-0.015625
608,-0.015625,0.015625
609,-0.015625,-0.015625
610,0.015625,-0.015625
611,0.015625,-0.015625
612,0.015625,0.015625
613,-0.015625,0.015625
614,0.015625,-0.015625
615,0.015625,-0.015625
616,-0.015625,0.015625
617,0.015625,0.015625
618,-0.015625,0.015625
619,-0.015625,0.015625
620,0.015625,-0.015625
621,0.015625,0.015625
622,0.015625,0.015625
623,-0.015625,0.015625
624,-0.015625,0.015625
625,-0.015625,0.015625
626,-0.015625,-0.015625
627,0.015625,-0.015625
628,-0.015625,0.015625
629,0.015625,0.015625
630,-0.015625,0.015625
631,0.015625,0.015625
632,0.015625,0.015625
633,0.015625,0.015625
634,0.015625,0.015625
635,0.015625,0.015625
636,0.015625,0.015625
637,0.015625,-0.015625
638,-0.015625,0.015625
639,0.015625,0.015625
640,0.015625,0.015625
641,0.015625,0.015625
642,0.015625,0.015625
643,-0.015625,0.015625
644,-0.015625,0.015625
645,0.015625,-0.015625
646,-0.015625,-0.015625
647,-0.015625,0.015625
648,0.015625,0.015625
649,-0.015625,0.015625
650,0.015625,0.015625
651,0.015625,0.015625
652,-0.015625,0.015625
653,0.015625,0.015625
654,-0.015625,0.015625
655,0.015625,0.015625
656,-0.015625,-0.015625
657,0.015625,-0.015625
658,-0.015625,0.015625
659,-0.015625,-0.015625
660,0.015625,0.015625
661,0.015625,0.015625
662,0.015625,0.015625
663,0.015625,0.015625
664,0.015625,-0.015625
665,0.015625,-0.015625
666,0.015625,-0.015625
667,0.015625,-0.015625
668,0.015625,-0.015625
669,-0.015625,0.015625
670,-0.015625,-0.015625
671,-0.015625,-0.015625
672,-0.015625,0.015625
673,-0.015625,0.015625
674,-0.015625,0.015625
675,-0.015625,-0.015625
676,-0.015625,-0.015625
677,0.015625,-0.015625
678,-0.015625,0.015625
679,0.015625,-0.015625
680,0.015625,0.015625
681,0.015625,-0.015625
682,0.015625,-0.015625
683,0.015625,-0.015625
684,-0.015625,0.015625
685,0.015625,0.015625
686,-0.015625,-0.015625
687,-0.015625,-0.015625
688,0.015625,0.015625
689,-0.015625,0.015625
690,-0.015625,-0.015625
691,0.015625,-0.015625
692,-0.015625,0.015625
693,-0.015625,0.015625
694,-0.015625,0.015625
695,-0.015625,0.015625
696,0.015625,0.015625
697,0.015625,0.015625
698,0.015625,0.015625
699,0.015625,0.015625
700,-0.015625,0.015625
701,0.015625,0.015625
702,0.015625,-0.015625
703,0.015625,-0.015625
704,0.015625,0.015625
705,0.015625,0.015625
706,0.015625,0.015625
707,-0.015625,0.015625
708,0.015625,0.015625
709,0.015625,0.015625
710,-0.015625,-0.015625
711,-0.015625,0.015625
712,-0.015625,0.015625
713,0.015625,0.015625
714,0.015625,0.015625
715,0.015625,0.015625
716,-0.015625,0.015625
717,-0.015625,0.015625
718,0.015625,0.015625
719,0.015625,0.015625
720,0.015625,-0.015625
721,0.015625,0.015625
722,0.015625,-0.015625
723,0.015625,0.015625
724,0.015625,0.015625
725,0.015625,0.015625
726,0.015625,0.015625
727,0.015625,0.015625
728,-0.015625,0.015625
729,-0.015625,-0.015625
730,0.015625,-0.015625
731,-0.015625,0.015625
732,-0.015625,0.015625
733,0.015625,0.015625
734,0.015625,-0.015625
735,-0.015625,-0.015625
736,0.015625,-0.015625
737,-0.015625,0.015625
738,-0.015625,-0.015625
739,0.015625,-0.015625
740,-0.015625,-0.015625
741,0.015625,-0.015625
742,-0.015625,-0.015625
743,-0.015625,0.015625
744,0.015625,0.015625
745,0.015625,0.015625
746,0.015625,0.015625
747,-0.015625,0.015625
748,0.015625,0.015625
749,0.015625,-0.015625
750,-0.015625,-0.015625
751,-0.015625,0.015625
752,0.015625,0.015625
753,-0.015625,0.015625
754,0.015625,0.015625
755,0.015625,-0.015625
756,0.015625,0.015625
757,-0.015625,0.015625
758,-0.015625,0.015625
759,0.015625,0.015625
760,0.015625,0.015625
761,0.015625,0.015625
762,0.015625,0.015625
763,0.015625,0.015625
764,0.015625,0.015625
765,0.015625,0.015625
766,0.015625,-0.015625
767,0.015625,-0.015625
768,0.015625,0.015625
769,0.015625,0.015625
770,0.015625,0.015625
771,-0.015625,0.015625
772,0.015625,-0.015625
773,-0.015625,-0.015625
774,0.015625,0.015625
775,0.015625,0.015625
776,0.015625,0.015625
777,0.015625,0.015625
778,-0.015625,0.015625
779,-0.015625,0.015625
780,-0.015625,0.015625
781,-0.015625,0.015625
782,-0.015625,0.015625
783,0.015625,-0.015625
784,0.015625,-0.015625
785,-0.015625,-0.015625
786,-0.015625,0.015625
787,0.015625,0.015625
788,0.015625,0.015625
789,-0.015625,0.015625
790,0.015625,0.015625
791,0.015625,-0.015625
792,-0.015625,-0.015625
793,-0.015625,0.015625
794,-0.015625,0.015625
795,0.015625,-0.015625
796,-0.015625,0.015625
797,-0.015625,0.015625
798,-0.015625,-0.015625
799,-0.015625,-0.015625
800,-0.015625,0.015625
801,-0.015625,-0.015625
802,-0.015625,-0.015625
803,-0.015625,-0.015625
804,-0.015625,0.015625
805,-0.015625,0.015625
806,0.015625,0.015625
807,-0.015625,0.015625
808,0.015625,0.015625
809,0.015625,0.015625
810,0.015625,0.015625
811,-0.015625,0.015625
812,-0.015625,0.015625
813,-0.015625,-0.015625
814,-0.015625,0.015625
815,-0.015625,0.015625
816,-0.015625,-0.015625
817,-0.015625,0.015625
818,-0.015625,-0.015625
819,-0.015625,0.015625
820,0.015625,0.015625
821,-0.015625,0.015625
822,-0.015625,0.015625
823,-0.015625,0.015625
824,0.015625,0.015625
825,0.015625,0.015625
826,0.015625,0.015625
827,0.015625,0.015625
828,-0.015625,-0.015625
829,0.015625,0.015625
830,0.015625,0.015625
831,0.015625,-0.015625
832,0.015625,0.015625
833,0.015625,0.015625
834,0.015625,0.015625
835,-0.015625,-0.015625
836,-0.015625,-0.015625
837,0.015625,0.015625
838,-0.015625,-0.015625
839,0.015625,-0.015625
840,-0.015625,-0.015625
841,0.015625,0.015625
842,-0.015625,0.015625
843,-0.015625,0.015625
844,0.015625,-0.015625
845,0.015625,0.015625
846,-0.015625,-0.015625
847,0.015625,0.015625
848,0.015625,-0.015625
849,0.015625,-0.015625
850,0.015625,-0.015625
851,0.015625,0.015625
852,0.015625,0.015625
853,0.015625,0.015625
854,-0.015625,0.015625
855,0.015625,0.015625
856,0.015625,-0.015625
857,-0.015625,-0.015625
858,-0.015625,-0.015625
859,-0.015625,0.015625
860,-0.015625,-0.015625
861,0.015625,-0.015625
862,0.015625,0.015625
863,-0.015625,0.015625
864,-0.015625,-0.015625
865,0.015625,-0.015625
866,-0.015625,-0.015625
867,-0.015625,-0.015625
868,0.015625,0.015625
869,-0.015625,0.015625
870,0.015625,0.015625
871,0.015625,0.015625
872,0.015625,0.015625
873,0.015625,0.015625
874,0.015625,0.015625
875,-0.015625,0.015625
876,-0.015625,0.015625
877,-0.015625,-0.015625
878,-0.015625,0.015625
879,0.015625,-0.015625
880,-0.015625,-0.015625
881,-0.015625,-0.015625
882,-0.015625,-0.015625
883,-0.015625,-0.015625
884,0.015625,0.015625
885,-0.015625,0.015625
886,-0.015625,0.015625
887,0.015625,0.015625
888,0.015625,0.015625
889,0.015625,0.015625
890,0.015625,0.015625
891,0.015625,0.015625
892,0.015625,-0.015625
893,0.015625,-0.015625
894,0.015625,-0.015625
895,0.015625,0.015625
896,0.015625,-0.015625
897,0.015625,0.015625
898,0.015625,-0.015625
899,-0.015625,0.015625
900,0.015625,-0.015625
901,-0.015625,-0.015625
902,0.015625,-0.015625
903,-0.015625,-0.015625
904,0.015625,-0.015625
905,-0.015625,-0.015625
906,-0.015625,0.015625
907,0.015625,0.015625
908,0.015625,-0.015625
909,-0.015625,-0.015625
910,0.015625,0.015625
911,0.015625,-0.015625
912,0.015625,0.015625
913,0.015625,-0.015625
914,0.015625,-0.015625
915,0.015625,-0.015625
916,-0.015625,0.015625
917,-0.015625,-0.015625
918,-0.015625,-0.015625
919,-0.015625,-0.015625
920,0.015625,-0.015625
921,-0.015625,-0.015625
922,-0.015625,-0.015625
923,0.015625,-0.015625
924,-0.015625,0.015625
925,0.015625,0.015625
926,-0.015625,-0.015625
927,0.015625,0.015625
928,-0.015625,-0.015625
929,-0.015625,0.015625
930,-0.015625,-0.015625
931,0.015625,-0.015625
932,0.015625,0.015625
933,-0.015625,0.015625
934,-0.015625,0.015625
935,0.015625,0.015625
936,-0.015625,0.015625
937,0.015625,0.015625
938,-0.015625,0.015625
939,-0.015625,0.015625
940,-0.015625,0.015625
941,-0.015625,-0.015625
942,0.015625,-0.015625
943,-0.015625,-0.015625
944,-0.015625,-0.015625
945,-0.015625,0.015625
946,-0.015625,-0.015625
947,-0.015625,-0.015625
948,-0.015625,-0.015625
949,0.015625,0.015625
950,-0.015625,0.015625
951,0.015625,0.015625
952,-0.015625,0.015625
953,-0.015625,0.015625
954,0.015625,0.015625
955,0.015625,0.015625
956,0.015625,0.015625
957,0.015625,-0.015625
958,0.015625,0.015625
959,0.015625,0.015625
960,0.015625,-0.015625
961,0.015625,-0.015625
962,0.015625,0.015625
963,-0.015625,-0.015625
964,-0.015625,-0.015625
965,-0.015625,-0.015625
966,0.015625,-0.015625
967,0.015625,0.015625
968,-0.015625,-0.015625
969,0.015625,-0.015625
970,0.015625,-0.015625
971,-0.015625,-0.015625
972,-0.015625,-0.015625
973,-0.015625,0.015625
974,0.015625,-0.015625
975,0.015625,-0.015625
976,0.015625,-0.015625
977,0.015625,0.015625
978,0.015625,0.015625
979,0.015625,0.015625
980,0.015625,0.015625
981,-0.015625,-0.015625
982,0.015625,0.015625
983,-0.015625,-0.015625
984,-0.015625,0.015625
985,0.015625,-0.015625
986,-0.015625,0.015625
987,-0.015625,-0.015625
988,-0.015625,-0.015625
989,-0.015625,-0.015625
990,0.015625,-0.015625
991,0.015625,-0.015625
992,-0.015625,-0.015625
993,0.015625,0.015625
994,0.015625,0.015625
995,-0.015625,-0.015625
996,-0.015625,-0.015625
997,-0.015625,0.015625
998,-0.015625,0.015625
999,-0.015625,0.015625
1000,0.015625,0.015625
1001,0.015625,0.015625
1002,-0.015625,0.015625
1003,0.015625,0.015625
1004,0.015625,0.015625
1005,-0.015625,0.015625
1006,-0.015625,-0.015625
1007,-0.015625,0.015625
1008,-0.015625,0.015625
1009,-0.015625,0.015625
1010,0.015625,-0.015625
1011,-0.015625,-0.015625
1012,0.015625,-0.015625
1013,-0.015625,0.015625
1014,-0.015625,0.015625
1015,-0.015625,0.015625
1016,-0.015625,0.015625
1017,0.015625,0.015625
1018,0.015625,0.015625
1019,0.015625,-0.015625
1020,0.015625,-0.015625
1021,0.015625,0.015625
1022,0.015625,-0.015625
1023,0.015625,-0.015625
1024,-0.015625,0.015625
1025,-0.015625,0.015625
1026,0.015625,-0.015625
1027,-0.015625,-0.015625
1028,0.015625,0.015625
1029,-0.015625,-0.015625
1030,0.015625,-0.015625
1031,0.015625,-0.015625
1032,-0.015625,-0.015625
1033,-0.015625,0.015625
1034,-0.015625,-0.015625
1035,0.015625,-0.015625
1036,0.015625,-0.015625
1037,-0.015625,0.015625
1038,0.015625,0.015625
1039,0.015625,0.015625
1040,0.015625,-0.015625
1041,0.015625,0.015625
1042,0.015625,-0.015625
1043,0.015625,-0.015625
1044,-0.015625,0.015625
1045,0.015625,0.015625
1046,0.015625,0.015625
1047,0.015625,0.015625
1048,0.015625,-0.015625
1049,0.015625,-0.015625
1050,0.015625,-0.015625
1051,0.015625,0.015625
1052,0.015625,-0.015625
1053,0.015625,-0.015625
1054,0.015625,-0.015625
1055,0.015625,-0.015625
1056,0.015625,0.015625
1057,0.015625,-0.015625
1058,-0.015625,0.015625
1059,-0.015625,0.015625
1060,0.015625,0.015625
1061,0.015625,0.015625
1062,0.015625,0.015625
1063,-0.015625,0.015625
1064,0.015625,0.015625
1065,0.015625,0.015625
1066,0.015625,0.015625
1067,-0.015625,0.015625
1068,-0.015625,-0.015625
1069,-0.015625,0.015625
1070,-0.015625,0.015625
1071,-0.015625,-0.015625
1072,0.015625,0.015625
1073,-0.015625,0.015625
1074,0.015625,0.015625
1075,0.015625,0.015625
1076,-0.015625,-0.015625
1077,-0.015625,-0.015625
1078,-0.015625,0.015625
1079,0.015625,0.015625
1080,0.015625,0.015625
1081,0.015625,0.015625
1082,0.015625,0.015625
1083,0.015625,0.015625
1084,0.015625,0.015625
1085,0.015625,-0.015625
1086,0.015625,-0.015625
1087,0.015625,-0.015625
1088,-0.015625,-0.015625
1089,0.015625,-0.015625
1090,-0.015625,-0.015625
1091,0.015625,0.015625
1092,0.015625,0.015625
1093,0.015625,-0.015625
1094,-0.015625,0.015625
1095,-0.015625,-0.015625
1096,0.015625,0.015625
1097,0.015625,-0.015625
1098,-0.015625,-0.015625
1099,0.015625,-0.015625
1100,0.015625,0.015625
1101,0.015625,0.015625
1102,0.015625,-0.015625
1103,0.015625,-0.015625
1104,0.015625,-0.015625
1105,0.015625,-0.015625
1106,0.015625,-0.015625
1107,0.015625,0.015625
1108,0.015625,-0.015625
1109,0.015625,-0.015625
1110,-0.015625,0.015625
1111,-0.015625,0.015625
1112,0.015625,-0.015625
1113,0.015625,0.015625
1114,-0.015625,-0.015625
1115,0.015625,-0.015625
1116,0.015625,-0.015625
1117,0.015625,-0.015625
1118,0.015625,0.015625
1119,0.015625,0.015625
1120,0.015625,0.015625
1121,0.015625,-0.015625
1122,0.015625,-0.015625
1123,-0.015625,-0.015625
1124,0.015625,0.015625
1125,0.015625,0.015625
1126,0.015625,0.015625
1127,-0.015625,0.015625
1128,-0.015625,0.015625
1129,-0.015625,0.015625
1130,-0.015625,0.015625
1131,-0.015625,0.015625
1132,-0.015625,0.015625
1133,-0.015625,-0.015625
1134,-0.015625,-0.015625
1135,-0.015625,0.015625
1136,-0.015625,-0.015625
1137,-0.015625,-0.015625
1138,-0.015625,-0.015625
1139,0.015625,0.015625
1140,-0.015625,-0.015625
1141,0.015625,0.015625
1142,0.015625,0.015625
1143,0.015625,0.015625
1144,0.015625,0.015625
1145,0.015625,0.015625
1146,0.015625,-0.015625
1147,0.015625,-0.015625
1148,0.015625,0.015625
1149,0.015625,0.015625
1150,0.015625,-0.015625
1151,0.015625,-0.015625
1152,-0.015625,-0.015625
1153,-0.015625,-0.015625
1154,0.015625,-0.015625
1155,-0.015625,0.015625
1156,-0.015625,-0.015625
1157,0.015625,-0.015625
1158,-0.015625,-0.015625
1159,-0.015625,-0.015625
1160,-0.015625,-0.015625
1161,-0.015625,-0.015625
1162,0.015625,-0.015625
1163,-0.015625,-0.015625
1164,0.015625,-0.015625
1165,0.015625,-0.015625
1166,0.015625,-0.015625
1167,0.015625,-0.015625
1168,0.015625,0.015625
1169,0.015625,-0.015625
1170,0.015625,-0.015625
1171,0.015625,-0.015625
1172,-0.015625,-0.015625
1173,-0.015625,-0.015625
1174,-0.015625,-0.015625
1175,-0.015625,-0.015625
1176,-0.015625,-0.015625
1177,0.015625,-0.015625
1178,0.015625,-0.015625
1179,0.015625,-0.015625
1180,0.015625,-0.015625
1181,0.015625,-0.015625
1182,0.015625,0.015625
1183,0.015625,-0.015625
1184,0.015625,-0.015625
1185,-0.015625,-0.015625
1186,0.015625,-0.015625
1187,-0.015625,0.015625
1188,-0.015625,0.015625
1189,0.015625,0.015625
1190,0.015625,0.015625
1191,0.015625,0.015625
1192,-0.015625,0.015625
1193,-0.015625,0.015625
1194,-0.015625,0.015625
1195,-0.015625,0.015625
1196,-0.015625,0.015625
1197,-0.015625,-0.015625
1198,-0.015625,0.015625
1199,-0.015625,-0.015625
1200,-0.015625,0.015625
1201,0.015625,-0.015625
1202,0.015625,-0.015625
1203,-0.015625,0.015625
1204,-0.015625,0.015625
1205,-0.015625,-0.015625
1206,0.015625,-0.015625
1207,0.015625,0.015625
1208,0.015625,-0.015625
1209,0.015625,-0.015625
1210,0.015625,0.015625
1211,0.015625,0.015625
1212,0.015625,-0.015625
1213,0.015625,-0.015625
1214,0.015625,0.015625
1215,0.015625,-0.015625
1216,-0.015625,0.015625
1217,0.015625,0.015625
1218,0.015625,-0.015625
1219,-0.015625,-0.015625
1220,0.015625,-0.015625
1221,0.015625,-0.015625
1222,0.015625,-0.015625
1223,-0.015625,-0.015625
1224,0.015625,-0.015625
1225,0.015625,-0.015625
1226,-0.015625,-0.015625
1227,-0.015625,0.015625
1228,-0.015625,-0.015625
1229,-0.015625,0.015625
1230,0.015625,0.015625
1231,-0.015625,-0.015625
1232,0.015625,-0.015625
1233,0.015625,-0.015625
1234,0.015625,-0.015625
1235,0.015625,0.015625
1236,-0.015625,-0.015625
1237,-0.015625,-0.015625
1238,0.015625,-0.015625
1239,0.015625,0.015625
1240,-0.015625,-0.015625
1241,0.015625,-0.015625
1242,-0.015625,-0.015625
1243,-0.015625,-0.015625
1244,0.015625,0.015625
1245,0.015625,-0.015625
1246,0.015625,0.015625
1247,0.015625,-0.015625
1248,0.015625,-0.015625
1249,0.015625,-0.015625
1250,0.015625,-0.015625
1251,0.015625,-0.015625
1252,-0.015625,-0.015625
1253,0.015625,-0.015625
1254,-0.015625,0.015625
1255,0.015625,0.015625
1256,-0.015625,0.015625
1257,0.015625,0.015625
1258,-0.015625,0.015625
1259,0.015625,0.015625
1260,0.015625,-0.015625
1261,0.015625,0.015625
1262,-0.015625,-0.015625
1263,-0.015625,-0.015625
1264,-0.015625,-0.015625
1265,-0.015625,0.015625
1266,0.015625,0.015625
1267,-0.015625,0.015625
1268,-0.015625,-0.015625
1269,-0.015625,0.015625
1270,0.015625,0.015625
1271,0.015625,-0.015625
1272,0.015625,0.015625
1273,0.015625,0.015625
1274,0.015625,0.015625
1275,0.015625,0.015625
1276,0.015625,-0.015625
1277,0.015625,0.015625
1278,0.015625,-0.015625
1279,0.015625,-0.015625
1280,-0.015625,0.015625
1281,-0.015625,-0.015625
1282,-0.015625,-0.015625
1283,0.015625,0.015625
1284,-0.015625,-0.015625
1285,-0.015625,0.015625
1286,-0.015625,-0.015625
1287,-0.015625,0.015625
1288,0.015625,0.015625
1289,-0.015625,0.015625
1290,-0.015625,-0.015625
1291,-0.015625,-0.015625
1292,-0.015625,-0.015625
1293,-0.015625,-0.015625
1294,-0.015625,-0.015625
1295,0.015625,-0.015625
1296,-0.015625,-0.015625
1297,-0.015625,0.015625
1298,-0.015625,-0.015625
1299,0.015625,-0.015625
1300,0.015625,-0.015625
1301,-0.015625,-0.015625
1302,-0.015625,-0.015625
1303,-0.015625,0.015625
1304,0.015625,-0.015625
1305,-0.015625,-0.015625
1306,-0.015625,-0.015625
1307,-0.015625,-0.015625
1308,0.015625,0.015625
1309,0.015625,-0.015625
1310,-0.015625,0.015625
1311,0.015625,-0.015625
1312,0.015625,-0.015625
1313,0.015625,-0.015625
1314,0.015625,-0.015625
1315,-0.015625,-0.015625
1316,-0.015625,-0.015625
1317,0.015625,0.015625
1318,-0.015625,-0.015625
1319,-0.015625,0.015625
1320,-0.015625,0.015625
1321,-0.015625,0.015625
1322,-0.015625,0.015625
1323,-0.015625,0.015625
1324,-0.015625,-0.015625
1325,-0.015625,-0.015625
1326,-0.015625,-0.015625
1327,-0.015625,0.015625
1328,-0.015625,0.015625
1329,-0.015625,0.015625
1330,-0.015625,0.015625
1331,0.015625,0.015625
1332,0.015625,0.015625
1333,-0.015625,-0.015625
1334,-0.015625,-0.015625
1335,-0.015625,-0.015625
1336,0.015625,0.015625
1337,0.015625,0.015625
1338,-0.015625,-0.015625
1339,0.015625,-0.015625
1340,0.015625,0.015625
1341,-0.015625,0.015625
1342,-0.015625,-0.015625
1343,0.015625,0.015625
1344,-0.015625,0.015625
1345,-0.015625,0.015625
1346,-0.015625,0.015625
1347,-0.015625,0.015625
1348,-0.015625,-0.015625
1349,-0.015625,-0.015625
1350,-0.015625,-0.015625
1351,-0.015625,-0.015625
1352,0.015625,-0.015625
1353,0.015625,-0.015625
1354,-0.015625,-0.015625
1355,-0.015625,0.015625
1356,0.015625,-0.015625
1357,-0.015625,-0.015625
1358,-0.015625,-0.015625
1359,0.015625,0.015625
1360,0.015625,-0.015625
1361,0.015625,-0.015625
1362,0.015625,0.015625
1363,-0.015625,0.015625
1364,0.015625,-0.015625
1365,0.015625,0.015625
1366,0.015625,-0.015625
1367,-0.015625,-0.015625
1368,0.015625,-0.015625
1369,-0.015625,-0.015625
1370,-0.015625,-0.015625
1371,0.015625,-0.015625
1372,0.015625,-0.015625
1373,0.015625,-0.015625
1374,-0.015625,-0.015625
1375,0.015625,-0.015625
1376,0.015625,0.015625
1377,0.015625,-0.015625
1378,0.015625,0.015625
1379,-0.015625,-0.015625
1380,0.015625,-0.015625
1381,0.015625,-0.015625
1382,0.015625,0.015625
1383,-0.015625,0.015625
1384,-0.015625,-0.015625
1385,-0.015625,0.015625
1386,-0.015625,-0.015625
1387,-0.015625,0.015625
1388,-0.015625,-0.015625
1389,0.015625,-0.015625
1390,-0.015625,0.015625
1391,-0.015625,-0.015625
1392,0.015625,-0.015625
1393,-0.015625,-0.015625
1394,-0.015625,-0.015625
1395,-0.015625,-0.015625
1396,-0.015625,0.015625
1397,-0.015625,0.015625
1398,0.015625,-0.015625
1399,0.015625,-0.015625
1400,0.015625,-0.015625
1401,0.015625,-0.015625
1402,0.015625,0.015625
1403,0.015625,-0.015625
1404,0.015625,-0.015625
1405,0.015625,0.015625
1406,-0.015625,0.015625
1407,-0.015625,0.015625
1408,-0.015625,0.015625
1409,-0.015625,0.015625
1410,0.015625,-0.015625
1411,-0.015625,-0.015625
1412,-0.015625,0.015625
1413,-0.015625,-0.015625
1414,-0.015625,-0.015625
1415,-0.015625,-0.015625
1416,-0.015625,0.015625
1417,-0.015625,0.015625
1418,-0.015625,-0.015625
1419,0.015625,0.015625
1420,-0.015625,-0.015625
1421,-0.015625,-0.015625
1422,0.015625,0.015625
1423,-0.015625,-0.015625
1424,-0.015625,-0.015625
1425,0.015625,-0.015625
1426,0.015625,-0.015625
1427,0.015625,-0.015625
1428,-0.015625,0.015625
1429,-0.015625,-0.015625
1430,-0.015625,-0.015625
1431,-0.015625,-0.015625
1432,-0.015625,-0.015625
1433,-0.015625,-0.015625
1434,-0.015625,0.015625
1435,-0.015625,-0.015625
1436,-0.015625,-0.015625
1437,-0.015625,-0.015625
1438,-0.015625,-0.015625
1439,0.015625,0.015625
1440,0.015625,-0.015625
1441,0.015625,-0.015625
1442,-0.015625,-0.015625
1443,0.015625,-0.015625
1444,0.015625,-0.015625
1445,-0.015625,-0.015625
1446,-0.015625,-0.015625
1447,-0.015625,-0.015625
1448,0.015625,-0.015625
1449,-0.015625,0.015625
1450,0.015625,0.015625
1451,-0.015625,0.015625
1452,0.015625,-0.015625
1453,0.015625,-0.015625
1454,-0.015625,-0.015625
1455,0.015625,0.015625
1456,-0.015625,-0.015625
1457,0.015625,-0.015625
1458,-0.015625,-0.015625
1459,0.015625,-0.015625
1460,-0.015625,-0.015625
1461,-0.015625,-0.015625
1462,-0.015625,-0.015625
1463,-0.015625,-0.015625
1464,-0.015625,-0.015625
1465,0.015625,-0.015625
1466,-0.015625,-0.015625
1467,-0.015625,-0.015625
1468,0.015625,-0.015625
1469,-0.015625,0.015625
1470,-0.015625,-0.015625
1471,-0.015625,-0.015625
1472,0.015625,0.015625
1473,-0.015625,0.015625
1474,-0.015625,-0.015625
1475,-0.015625,0.015625
1476,0.015625,-0.015625
1477,0.015625,-0.015625
1478,-0.015625,-0.015625
1479,-0.015625,-0.015625
1480,-0.015625,-0.015625
1481,0.015625,-0.015625
1482,-0.015625,-0.015625
1483,-0.015625,0.015625
1484,-0.015625,-0.015625
1485,0.015625,-0.015625
1486,-0.015625,-0.015625
1487,-0.015625,-0.015625
1488,-0.015625,-0.015625
1489,0.015625,0.015625
1490,-0.015625,-0.015625
1491,-0.015625,-0.015625
1492,0.015625,-0.015625
1493,-0.015625,0.015625
1494,0.015625,0.015625
1495,-0.015625,-0.015625
1496,-0.015625,-0.015625
1497,-0.015625,-0.015625
1498,0.015625,-0.015625
1499,-0.015625,-0.015625
1500,0.015625,0.015625
1501,-0.015625,0.015625
1502,-0.015625,0.015625
1503,-0.015625,-0.015625
1504,-0.015625,-0.015625
1505,-0.015625,-0.015625
1506,0.015625,-0.015625
1507,0.015625,-0.015625
1508,0.015625,0.015625
1509,-0.015625,-0.015625
1510,0.015625,0.015625
1511,-0.015625,-0.015625
1512,-0.015625,-0.015625
1513,0.015625,-0.015625
1514,-0.015625,-0.015625
1515,-0.015625,0.015625
1516,0.015625,-0.015625
1517,-0.015625,-0.015625
1518,0.015625,-0.015625
1519,-0.015625,0.015625
1520,-0.015625,-0.015625
1521,-0.015625,-0.015625
1522,-0.015625,-0.015625
1523,-0.015625,0.015625
1524,-0.015625,0.015625
1525,-0.015625,0.015625
1526,0.015625,0.015625
1527,0.015625,-0.015625
1528,0.015625,0.015625
1529,0.015625,-0.015625
1530,0.015625,-0.015625
1531,-0.015625,-0.015625
1532,-0.015625,-0.015625
1533,0.015625,-0.015625
1534,-0.015625,-0.015625
1535,0.015625,-0.015625
1536,0.015625,0.015625
1537,0.015625,0.015625
1538,-0.015625,0.015625
1539,-0.015625,-0.015625
1540,0.015625,-0.015625
1541,0.015625,-0.015625
1542,-0.015625,0.015625
1543,0.015625,-0.015625
1544,-0.015625,-0.015625
1545,-0.015625,-0.015625
1546,-0.015625,-0.015625
1547,-0.015625,-0.015625
1548,0.015625,-0.015625
1549,0.015625,-0.015625
1550,-0.015625,-0.015625
1551,-0.015625,0.015625
1552,0.015625,0.015625
1553,0.015625,-0.015625
1554,-0.015625,-0.015625
1555,-0.015625,-0.015625
1556,-0.015625,0.015625
1557,0.015625,-0.015625
1558,-0.015625,-0.015625
1559,-0.015625,-0.015625
1560,0.015625,0.015625
1561,0.015625,0.015625
1562,-0.015625,-0.015625
1563,-0.015625,-0.015625
1564,0.015625,-0.015625
1565,-0.015625,-0.015625
1566,-0.015625,-0.015625
1567,-0.015625,-0.015625
1568,0.015625,0.015625
1569,-0.015625,-0.015625
1570,-0.015625,-0.015625
1571,-0.015625,-0.015625
1572,0.015625,0.015625
1573,0.015625,0.015625
1574,-0.015625,-0.015625
1575,-0.015625,-0.015625
1576,0.015625,-0.015625
1577,0.015625,-0.015625
1578,-0.015625,0.015625
1579,-0.015625,-0.015625
1580,-0.015625,-0.015625
1581,-0.015625,-0.015625
1582,-0.015625,-0.015625
1583,0.015625,0.015625
1584,-0.015625,0.015625
1585,0.015625,-0.015625
1586,-0.015625,-0.015625
1587,-0.015625,0.015625
1588,-0.015625,-0.015625
1589,-0.015625,0.015625
1590,-0.015625,-0.015625
1591,0.015625,-0.015625
1592,0.015625,-0.015625
1593,0.015625,-0.015625
1594,0.015625,-0.015625
1595,-0.015625,-0.015625
1596,0.015625,0.015625
1597,-0.015625,0.015625
1598,-0.015625,-0.015625
1599,-0.015625,-0.015625
1600,0.015625,0.015625
1601,0.015625,0.015625
1602,-0.015625,0.015625
1603,0.015625,0.015625
1604,0.015625,-0.015625
1605,0.015625,-0.015625
1606,-0.015625,-0.015625
1607,-0.015625,-0.015625
1608,-0.015625,-0.015625
1609,-0.015625,0.015625
1610,0.015625,-0.015625
1611,-0.015625,-0.015625
1612,0.015625,-0.015625
1613,0.015625,0.015625
1614,-0.015625,-0.015625
1615,-0.015625,0.015625
1616,0.015625,0.015625
1617,0.015625,-0.015625
1618,-0.015625,0.015625
1619,-0.015625,-0.015625
1620,0.015625,-0.015625
1621,0.015625,-0.015625
1622,-0.015625,-0.015625
1623,-0.015625,-0.015625
1624,0.015625,0.015625
1625,-0.015625,-0.015625
1626,-0.015625,-0.015625
1627,0.015625,-0.015625
1628,-0.015625,0.015625
1629,0.015625,0.015625
1630,-0.015625,-0.015625
1631,-0.015625,0.015625
1632,-0.015625,-0.015625
1633,-0.015625,-0.015625
1634,-0.015625,0.015625
1635,-0.015625,-0.015625
1636,0.015625,0.015625
1637,-0.015625,-0.015625
1638,-0.015625,-0.015625
1639,-0.015625,0.015625
1640,0.015625,0.015625
1641,0.015625,-0.015625
1642,-0.015625,0.015625
1643,-0.015625,-0.015625
1644,-0.015625,-0.015625
1645,-0.015625,0.015625
1646,-0.015625,0.015625
1647,-0.015625,-0.015625
1648,-0.015625,-0.015625
1649,0.015625,-0.015625
1650,-0.015625,0.015625
1651,-0.015625,0.015625
1652,-0.015625,-0.015625
1653,-0.015625,0.015625
1654,0.015625,-0.015625
1655,-0.015625,-0.015625
1656,-0.015625,-0.015625
1657,0.015625,-0.015625
1658,-0.015625,-0.015625
1659,-0.015625,-0.015625
1660,-0.015625,-0.015625
1661,0.015625,0.015625
1662,0.015625,-0.015625
1663,0.015625,-0.015625
1664,-0.015625,0.015625
1665,-0.015625,-0.015625
1666,-0.015625,-0.015625
1667,-0.015625,-0.015625
1668,0.015625,0.015625
1669,0.015625,-0.015625
1670,-0.015625,-0.015625
1671,-0.015625,-0.015625
1672,-0.015625,-0.015625
1673,-0.015625,-0.015625
1674,-0.015625,-0.015625
1675,-0.015625,-0.015625
1676,-0.015625,-0.015625
1677,-0.015625,0.015625
1678,-0.015625,-0.015625
1679,-0.015625,0.015625
1680,0.015625,-0.015625
1681,-0.015625,0.015625
1682,-0.015625,-0.015625
1683,-0.015625,-0.015625
1684,-0.015625,-0.015625
1685,-0.015625,-0.015625
1686,0.015625,0.015625
1687,-0.015625,0.015625
1688,0.015625,-0.015625
1689,-0.015625,0.015625
1690,-0.015625,-0.015625
1691,0.015625,-0.015625
1692,-0.015625,-0.015625
1693,-0.015625,-0.015625
1694,-0.015625,0.015625
1695,-0.015625,-0.015625
1696,0.015625,-0.015625
1697,-0.015625,-0.015625
1698,-0.015625,-0.015625
1699,0.015625,-0.015625
1700,-0.015625,0.015625
1701,-0.015625,-0.015625
1702,0.015625,0.015625
1703,0.015625,-0.015625
1704,0.015625,-0.015625
1705,-0.015625,-0.015625
1706,0.015625,0.015625
1707,-0.015625,0.015625
1708,-0.015625,-0.015625
1709,0.015625,-0.015625
1710,-0.015625,0.015625
1711,-0.015625,0.015625
1712,0.015625,-0.015625
1713,-0.015625,0.015625
1714,-0.015625,-0.015625
1715,-0.015625,-0.015625
1716,-0.015625,-0.015625
1717,0.015625,-0.015625
1718,0.015625,-0.015625
1719,-0.015625,-0.015625
1720,-0.015625,-0.015625
1721,-0.015625,0.015625
1722,-0.015625,-0.015625
1723,0.015625,-0.015625
1724,-0.015625,0.015625
1725,0.015625,0.015625
1726,-0.015625,0.015625
1727,0.015625,0.015625
1728,0.015625,-0.015625
1729,0.015625,0.015625
1730,0.015625,-0.015625
1731,0.015625,-0.015625
1732,-0.015625,-0.015625
1733,0.015625,0.015625
1734,-0.015625,-0.015625
1735,-0.015625,0.015625
1736,-0.015625,-0.015625
1737,-0.015625,-0.015625
1738,-0.015625,-0.015625
1739,-0.015625,-0.015625
1740,-0.015625,0.015625
1741,0.015625,-0.015625
1742,-0.015625,-0.015625
1743,-0.015625,0.015625
1744,0.015625,0.015625
1745,-0.015625,0.015625
1746,0.015625,0.015625
1747,-0.015625,-0.015625
1748,0.015625,0.015625
1749,-0.015625,-0.015625
1750,-0.015625,-0.015625
1751,0.015625,-0.015625
1752,0.015625,-0.015625
1753,-0.015625,-0.015625
1754,0.015625,-0.015625
1755,-0.015625,-0.015625
1756,0.015625,-0.015625
1757,0.015625,-0.015625
1758,-0.015625,-0.015625
1759,0.015625,0.015625
1760,0.015625,0.015625
1761,0.015625,-0.015625
1762,-0.015625,0.015625
1763,0.015625,-0.015625
1764,0.015625,0.015625
1765,0.015625,0.015625
1766,0.015625,-0.015625
1767,-0.015625,-0.015625
1768,0.015625,-0.015625
1769,-0.015625,-0.015625
1770,0.015625,0.015625
1771,-0.015625,-0.015625
1772,0.015625,-0.015625
1773,0.015625,0.015625
1774,0.015625,-0.015625
1775,-0.015625,0.015625
1776,-0.015625,0.015625
1777,0.015625,-0.015625
1778,-0.015625,0.015625
1779,0.015625,-0.015625
1780,-0.015625,-0.015625
1781,0.015625,-0.015625
1782,-0.015625,-0.015625
1783,-0.015625,-0.015625
1784,0.015625,-0.015625
1785,-0.015625,-0.015625
1786,0.015625,-0.015625
1787,-0.015625,0.015625
1788,0.015625,0.015625
1789,-0.015625,-0.015625
1790,-0.015625,-0.015625
1791,0.015625,-0.015625
1792,-0.015625,-0.015625
1793,0.015625,-0.015625
1794,0.015625,-0.015625
1795,0.015625,-0.015625
1796,0.015625,-0.015625
1797,0.015625,-0.015625
1798,0.015625,0.015625
1799,0.015625,0.015625
1800,0.015625,0.015625
1801,-0.015625,-0.015625
1802,-0.015625,0.015625
1803,-0.015625,-0.015625
1804,-0.015625,-0.015625
1805,-0.015625,-0.015625
1806,-0.015625,-0.015625
1807,0.015625,-0.015625
1808,0.015625,0.015625
1809,-0.015625,-0.015625
1810,0.015625,-0.015625
1811,0.015625,-0.015625
1812,0.015625,0.015625
1813,0.015625,-0.015625
1814,0.015625,0.015625
1815,-0.015625,-0.015625
1816,0.015625,-0.015625
1817,-0.015625,-0.015625
1818,-0.015625,0.015625
1819,-0.015625,-0.015625
1820,0.015625,0.015625
1821,0.015625,0.015625
1822,-0.015625,-0.015625
1823,-0.015625,-0.015625
1824,-0.015625,0.015625
1825,0.015625,0.015625
1826,-0.015625,-0.015625
1827,-0.015625,0.015625
1828,0.015625,0.015625
1829,-0.015625,0.015625
1830,-0.015625,0.015625
1831,-0.015625,-0.015625
1832,-0.015625,-0.015625
1833,-0.015625,0.015625
1834,-0.015625,0.015625
1835,0.015625,-0.015625
1836,0.015625,0.015625
1837,0.015625,0.015625
1838,-0.015625,0.015625
1839,0.015625,0.015625
1840,-0.015625,0.015625
1841,-0.015625,0.015625
1842,-0.015625,0.015625
1843,-0.015625,0.015625
1844,0.015625,0.015625
1845,-0.015625,-0.015625
1846,-0.015625,0.015625
1847,-0.015625,-0.015625
1848,-0.015625,-0.015625
1849,-0.015625,-0.015625
1850,-0.015625,-0.015625
1851,-0.015625,-0.015625
1852,-0.015625,-0.015625
1853,0.015625,0.015625
1854,0.015625,-0.015625
1855,-0.015625,-0.015625
1856,-0.015625,-0.015625
1857,0.015625,-0.015625
1858,-0.015625,-0.015625
1859,-0.015625,-0.015625
1860,0.015625,-0.015625
1861,0.015625,-0.015625
1862,-0.015625,-0.015625
1863,-0.015625,0.015625
1864,0.015625,0.015625
1865,0.015625,0.015625
1866,-0.015625,-0.015625
1867,-0.015625,-0.015625
1868,-0.015625,-0.015625
1869,-0.015625,-0.015625
1870,0.015625,-0.015625
1871,0.015625,-0.015625
1872,-0.015625,0.015625
1873,-0.015625,-0.015625
1874,-0.015625,-0.015625
1875,0.015625,0.015625
1876,0.015625,-0.015625
1877,-0.015625,0.015625
1878,-0.015625,0.015625
1879,-0.015625,-0.015625
1880,-0.015625,-0.015625
1881,0.015625,-0.015625
1882,-0.015625,0.015625
1883,-0.015625,-0.015625
1884,0.015625,-0.015625
1885,-0.015625,0.015625
1886,-0.015625,0.015625
1887,0.015625,0.015625
1888,-0.015625,0.015625
1889,-0.015625,0.015625
1890,0.015625,0.015625
1891,-0.015625,0.015625
1892,0.015625,0.015625
1893,-0.015625,-0.015625
1894,-0.015625,-0.015625
1895,-0.015625,0.015625
1896,-0.015625,-0.015625
1897,-0.015625,0.015625
1898,-0.015625,-0.015625
1899,-0.015625,0.015625
1900,0.015625,0.015625
1901,0.015625,0.015625
1902,-0.015625,0.015625
1903,0.015625,0.015625
1904,-0.015625,0.015625
1905,-0.015625,0.015625
1906,0.015625,0.015625
1907,-0.015625,0.015625
1908,-0.015625,0.015625
1909,-0.015625,-0.015625
1910,-0.015625,-0.015625
1911,-0.015625,-0.015625
1912,0.015625,-0.015625
1913,-0.015625,0.015625
1914,0.015625,0.015625
1915,0.015625,-0.015625
1916,-0.015625,-0.015625
1917,-0.015625,0.015625
1918,-0.015625,-0.015625
1919,-0.015625,0.015625
1920,0.015625,-0.015625
1921,-0.015625,0.015625
1922,-0.015625,-0.015625
1923,-0.015625,-0.015625
1924,-0.015625,-0.015625
1925,-0.015625,-0.015625
1926,-0.015625,-0.015625
1927,-0.015625,0.015625
1928,-0.015625,-0.015625
1929,-0.015625,-0.015625
1930,-0.015625,-0.015625
1931,-0.015625,-0.015625
1932,-0.015625,0.015625
1933,-0.015625,0.015625
1934,-0.015625,-0.015625
1935,-0.015625,-0.015625
1936,0.015625,-0.015625
1937,-0.015625,-0.015625
1938,-0.015625,-0.015625
1939,-0.015625,-0.015625
1940,0.015625,-0.015625
1941,-0.015625,-0.015625
1942,0.015625,0.015625
1943,-0.015625,-0.015625
1944,0.015625,-0.015625
1945,0.015625,-0.015625
1946,0.015625,-0.015625
1947,-0.015625,-0.015625
1948,0.015625,-0.015625
1949,-0.015625,-0.015625
1950,-0.015625,-0.015625
1951,0.015625,-0.015625
1952,0.015625,-0.015625
1953,0.015625,-0.015625
1954,0.015625,-0.015625
1955,0.015625,0.015625
1956,0.015625,-0.015625
1957,-0.015625,0.015625
1958,0.015625,-0.015625
1959,-0.015625,0.015625
1960,0.015625,-0.015625
1961,-0.015625,-0.015625
1962,0.015625,-0.015625
1963,-0.015625,-0.015625
1964,0.015625,0.015625
1965,-0.015625,0.015625
1966,-0.015625,0.015625
1967,-0.015625,0.015625
1968,-0.015625,0.015625
1969,-0.015625,0.015625
1970,0.015625,0.015625
1971,-0.015625,0.015625
1972,-0.015625,0.015625
1973,0.015625,-0.015625
1974,-0.015625,-0.015625
1975,-0.015625,0.015625
1976,-0.015625,-0.015625
1977,-0.015625,-0.015625
1978,0.015625,-0.015625
1979,-0.015625,-0.015625
1980,-0.015625,0.015625
1981,-0.015625,-0.015625
1982,-0.015625,0.015625
1983,-0.015625,0.015625
1984,-0.015625,-0.015625
1985,-0.015625,-0.015625
1986,-0.015625,0.015625
1987,-0.015625,-0.015625
1988,0.015625,-0.015625
1989,-0.015625,-0.015625
1990,0.015625,-0.015625
1991,-0.015625,0.015625
1992,-0.015625,0.015625
1993,-0.015625,-0.015625
1994,-0.015625,-0.015625
1995,0.015625,-0.015625
1996,-0.015625,0.015625
1997,-0.015625,0.015625
1998,-0.015625,0.015625
1999,-0.015625,0.015625
2000,0.015625,0.015625
2001,-0.015625,0.015625
2002,-0.015625,-0.015625
2003,0.015625,0.015625
2004,0.015625,-0.015625
2005,-0.015625,-0.015625
2006,0.015625,-0.015625
2007,-0.015625,-0.015625
2008,-0.015625,-0.015625
2009,-0.015625,-0.015625
2010,0.015625,-0.015625
2011,0.015625,-0.015625
2012,0.015625,-0.015625
2013,0.015625,-0.015625
2014,-0.015625,0.015625
2015,-0.015625,0.015625
2016,0.015625,-0.015625
2017,0.015625,-0.015625
2018,0.015625,-0.015625
2019,-0.015625,-0.015625
2020,0.015625,-0.015625
2021,0.015625,-0.015625
2022,-0.015625,-0.015625
2023,-0.015625,-0.015625
2024,-0.015625,-0.015625
2025,0.015625,-0.015625
2026,-0.015625,-0.015625
2027,0.015625,0.015625
2028,-0.015625,0.015625
2029,0.015625,0.015625
2030,-0.015625,0.015625
2031,-0.015625,0.015625
2032,-0.015625,0.015625
2033,-0.015625,0.015625
2034,0.015625,0.015625
2035,-0.015625,0.015625
2036,-0.015625,0.015625
2037,-0.015625,0.015625
2038,-0.015625,-0.015625
2039,-0.015625,-0.015625
2040,-0.015625,0.015625
2041,-0.015625,-0.015625
2042,0.015625,0.015625
2043,0.015625,-0.015625
2044,0.015625,0.015625
2045,0.015625,-0.015625
2046,-0.015625,-0.015625
2047,-0.015625,-0.015625
2048,0.015625,-0.015625
2049,0.015625,-0.015625
2050,0.015625,-0.015625
2051,0.015625,-0.015625
2052,0.015625,0.015625
2053,-0.015625,-0.015625
2054,0.015625,-0.015625
2055,0.015625,-0.015625
2056,0.015625,-0.015625
2057,0.015625,0.015625
2058,0.015625,-0.015625
2059,-0.015625,-0.015625
2060,0.015625,0.015625
2061,0.015625,0.015625
2062,-0.015625,0.015625
2063,0.015625,0.015625
2064,0.015625,0.015625
2065,0.015625,0.015625
2066,0.015625,0.015625
2067,0.015625,0.015625
2068,0.015625,0.015625
2069,0.015625,-0.015625
2070,0.015625,0.015625
2071,0.015625,0.015625
2072,0.015625,0.015625
2073,0.015625,0.015625
2074,0.015625,-0.015625
2075,0.015625,-0.015625
2076,0.015625,0.015625
2077,0.015625,-0.015625
2078,0.015625,-0.015625
2079,0.015625,-0.015625
2080,0.015625,0.015625
2081,0.015625,0.015625
2082,0.015625,0.015625
2083,0.015625,0.015625
2084,0.015625,0.015625
2085,0.015625,0.015625
2086,0.015625,-0.015625
2087,0.015625,0.015625
2088,-0.015625,-0.015625
2089,0.015625,0.015625
2090,0.015625,0.015625
2091,0.015625,0.015625
2092,0.015625,0.015625
2093,0.015625,0.015625
2094,0.015625,0.015625
2095,0.015625,0.015625
2096,-0.015625,0.015625
2097,0.015625,0.015625
2098,-0.015625,0.015625
2099,-0.015625,0.015625
2100,0.015625,0.015625
2101,0.015625,0.015625
2102,-0.015625,0.015625
2103,0.015625,-0.015625
2104,0.015625,-0.015625
2105,0.015625,0.015625
2106,0.015625,0.015625
2107,0.015625,0.015625
2108,0.015625,0.015625
2109,0.015625,0.015625
2110,-0.015625,0.015625
2111,0.015625,-0.015625
2112,0.015625,-0.015625
2113,-0.015625,0.015625
2114,0.015625,-0.015625
2115,0.015625,-0.015625
2116,0.015625,-0.015625
2117,0.015625,-0.015625
2118,0.015625,-0.015625
2119,0.015625,-0.015625
2120,0.015625,0.015625
2121,0.015625,0.015625
2122,0.015625,-0.015625
2123,0.015625,-0.015625
2124,-0.015625,0.015625
2125,0.015625,0.015625
2126,-0.015625,0.015625
2127,-0.015625,0.015625
2128,0.015625,0.015625
2129,0.015625,0.015625
2130,0.015625,0.015625
2131,0.015625,0.015625
2132,0.015625,0.015625
2133,0.015625,0.015625
2134,0.015625,0.015625
2135,0.015625,0.015625
2136,0.015625,-0.015625
2137,0.015625,0.015625
2138,0.015625,0.015625
2139,0.015625,0.015625
2140,0.015625,-0.015625
2141,0.015625,-0.015625
2142,0.015625,0.015625
2143,0.015625,-0.015625
2144,0.015625,-0.015625
2145,0.015625,-0.015625
2146,0.015625,-0.015625
2147,0.015625,-0.015625
2148,-0.015625,-0.015625
2149,0.015625,0.015625
2150,0.015625,-0.015625
2151,-0.015625,-0.015625
2152,0.015625,0.015625
2153,0.015625,-0.015625
2154,-0.015625,-0.015625
2155,0.015625,0.015625
2156,0.015625,0.015625
2157,0.015625,0.015625
2158,0.015625,0.015625
2159,0.015625,0.015625
2160,-0.015625,0.015625
2161,-0.015625,0.015625
2162,-0.015625,0.015625
2163,0.015625,0.015625
2164,0.015625,0.015625
2165,-0.015625,0.015625
2166,-0.015625,0.015625
2167,-0.015625,-0.015625
2168,-0.015625,0.015625
2169,-0.015625,-0.015625
2170,-0.015625,-0.015625
2171,-0.015625,0.015625
2172,0.015625,0.015625
2173,-0.015625,0.015625
2174,0.015625,0.015625
2175,-0.015625,0.015625
2176,0.015625,-0.015625
2177,-0.015625,-0.015625
2178,-0.015625,0.015625
2179,-0.015625,-0.015625
2180,0.015625,-0.015625
2181,0.015625,-0.015625
2182,0.015625,-0.015625
2183,-0.015625,-0.015625
2184,-0.015625,0.015625
2185,0.015625,-0.015625
2186,0.015625,-0.015625
2187,0.015625,-0.015625
2188,-0.015625,0.015625
2189,0.015625,0.015625
2190,-0.015625,0.015625
2191,0.015625,0.015625
2192,0.015625,0.015625
2193,0.015625,0.015625
2194,0.015625,0.015625
2195,0.015625,0.015625
2196,0.015625,0.015625
2197,0.015625,0.015625
2198,0.015625,0.015625
2199,0.015625,0.015625
2200,0.015625,0.015625
2201,0.015625,-0.015625
2202,0.015625,0.015625
2203,0.015625,0.015625
2204,0.015625,-0.015625
2205,0.015625,-0.015625
2206,0.015625,0.015625
2207,0.015625,-0.015625
2208,0.015625,-0.015625
2209,0.015625,-0.015625
2210,0.015625,-0.015625
2211,0.015625,-0.015625
2212,0.015625,-0.015625
2213,0.015625,0.015625
2214,0.015625,0.015625
2215,0.015625,-0.015625
2216,0.015625,0.015625
2217,0.015625,-0.015625
2218,-0.015625,-0.015625
2219,0.015625,0.015625
2220,0.015625,0.015625
2221,0.015625,0.015625
2222,0.015625,-0.015625
2223,0.015625,0.015625
2224,-0.015625,0.015625
2225,-0.015625,0.015625
2226,-0.015625,0.015625
2227,0.015625,0.015625
2228,-0.015625,0.015625
2229,-0.015625,0.015625
2230,-0.015625,-0.015625
2231,-0.015625,-0.015625
2232,0.015625,-0.015625
2233,-0.015625,0.015625
2234,-0.015625,-0.015625
2235,-0.015625,0.015625
2236,0.015625,-0.015625
2237,-0.015625,0.015625
2238,0.015625,0.015625
2239,-0.015625,-0.015625
2240,0.015625,-0.015625
2241,-0.015625,-0.015625
2242,0.015625,-0.015625
2243,-0.015625,-0.015625
2244,0.015625,-0.015625
2245,0.015625,-0.015625
2246,0.015625,-0.015625
2247,0.015625,-0.015625
2248,0.015625,-0.015625
2249,0.015625,-0.015625
2250,0.015625,-0.015625
2251,0.015625,0.015625
2252,-0.015625,0.015625
2253,0.015625,0.015625
2254,0.015625,0.015625
2255,0.015625,0.015625
2256,0.015625,0.015625
2257,0.015625,0.015625
2258,0.015625,0.015625
2259,0.015625,0.015625
2260,0.015625,0.015625
2261,0.015625,0.015625
2262,0.015625,0.015625
2263,0.015625,0.015625
2264,0.015625,0.015625
2265,0.015625,0.015625
2266,0.015625,-0.015625
2267,0.015625,0.015625
2268,0.015625,0.015625
2269,0.015625,-0.015625
2270,0.015625,-0.015625
2271,0.015625,-0.015625
2272,0.015625,0.015625
2273,0.015625,-0.015625
2274,0.015625,0.015625
2275,-0.015625,-0.015625
2276,0.015625,0.015625
2277,0.015625,0.015625
2278,-0.015625,0.015625
2279,0.015625,0.015625
2280,0.015625,-0.015625
2281,0.015625,-0.015625
2282,0.015625,0.015625
2283,0.015625,0.015625
2284,-0.015625,-0.015625
2285,0.015625,0.015625
2286,-0.015625,0.015625
2287,0.015625,0.015625
2288,0.015625,0.015625
2289,0.015625,0.015625
2290,-0.015625,0.015625
2291,-0.015625,0.015625
2292,0.015625,0.015625
2293,-0.015625,0.015625
2294,0.015625,-0.015625
2295,0.015625,-0.015625
2296,0.015625,-0.015625
2297,-0.015625,-0.015625
2298,0.015625,-0.015625
2299,-0.015625,0.015625
2300,-0.015625,0.015625
2301,-0.015625,0.015625
2302,0.015625,0.015625
2303,0.015625,-0.015625
2304,0.015625,-0.015625
2305,-0.015625,0.015625
2306,-0.015625,0.015625
2307,-0.015625,0.015625
2308,-0.015625,0.015625
2309,-0.015625,0.015625
2310,-0.015625,-0.015625
2311,-0.015625,0.015625
2312,0.015625,-0.015625
2313,-0.015625,0.015625
2314,-0.015625,-0.015625
2315,0.015625,0.015625
2316,0.015625,0.015625
2317,0.015625,0.015625
2318,0.015625,0.015625
2319,0.015625,0.015625
2320,0.015625,0.015625
2321,0.015625,0.015625
2322,0.015625,0.015625
2323,0.015625,0.015625
2324,0.015625,0.015625
2325,0.015625,0.015625
2326,0.015625,0.015625
2327,0.015625,-0.015625
2328,0.015625,0.015625
2329,0.015625,0.015625
2330,0.015625,-0.015625
2331,0.015625,-0.015625
2332,0.015625,-0.015625
2333,0.015625,-0.015625
2334,0.015625,0.015625
2335,0.015625,-0.015625
2336,0.015625,0.015625
2337,-0.015625,0.015625
2338,0.015625,-0.015625
2339,0.015625,-0.015625
2340,0.015625,-0.015625
2341,-0.015625,-0.015625
2342,-0.015625,-0.015625
2343,0.015625,0.015625
2344,0.015625,0.015625
2345,0.015625,0.015625
2346,0.015625,0.015625
2347,0.015625,0.015625
2348,0.015625,0.015625
2349,0.015625,0.015625
2350,0.015625,0.015625
2351,0.015625,0.015625
2352,0.015625,0.015625
2353,0.015625,0.015625
2354,-0.015625,0.015625
2355,-0.015625,0.015625
2356,-0.015625,0.015625
2357,-0.015625,0.015625
2358,-0.015625,0.015625
2359,-0.015625,-0.015625
2360,0.015625,-0.015625
2361,-0.015625,-0.015625
2362,-0.015625,-0.015625
2363,0.015625,0.015625
2364,0.015625,0.015625
2365,0.015625,-0.015625
2366,-0.015625,0.015625
2367,0.015625,-0.015625
2368,0.015625,-0.015625
2369,0.015625,0.015625
2370,0.015625,0.015625
2371,0.015625,0.015625
2372,-0.015625,0.015625
2373,0.015625,0.015625
2374,-0.015625,0.015625
2375,0.015625,-0.015625
2376,-0.015625,-0.015625
2377,0.015625,-0.015625
2378,-0.015625,0.015625
2379,-0.015625,0.015625
2380,0.015625,0.015625
2381,0.015625,0.015625
2382,0.015625,0.015625
2383,0.015625,0.015625
2384,0.015625,0.015625
2385,0.015625,0.015625
2386,0.015625,0.015625
2387,0.015625,0.015625
2388,0.015625,0.015625
2389,0.015625,0.015625
2390,0.015625,0.015625
2391,0.015625,-0.015625
2392,0.015625,-0.015625
2393,0.015625,-0.015625
2394,0.015625,-0.015625
2395,0.015625,0.015625
2396,0.015625,0.015625
2397,0.015625,-0.015625
2398,0.015625,-0.015625
2399,-0.015625,-0.015625
2400,-0.015625,-0.015625
2401,0.015625,0.015625
2402,-0.015625,-0.015625
2403,-0.015625,0.015625
2404,-0.015625,0.015625
2405,0.015625,-0.015625
2406,0.015625,-0.015625
2407,0.015625,-0.015625
2408,0.015625,0.015625
2409,0.015625,0.015625
2410,0.015625,0.015625
2411,0.015625,0.015625
2412,-0.015625,0.015625
2413,0.015625,0.015625
2414,0.015625,0.015625
2415,0.015625,0.015625
2416,0.015625,0.015625
2417,0.015625,0.015625
2418,-0.015625,0.015625
2419,-0.015625,-0.015625
2420,-0.015625,0.015625
2421,-0.015625,0.015625
2422,-0.015625,0.015625
2423,-0.015625,0.015625
2424,-0.015625,-0.015625
2425,0.015625,0.015625
2426,-0.015625,-0.015625
2427,-0.015625,0.015625
2428,-0.015625,-0.015625
2429,-0.015625,0.015625
2430,0.015625,-0.015625
2431,-0.015625,0.015625
2432,0.015625,0.015625
2433,0.015625,-0.015625
2434,0.015625,0.015625
2435,-0.015625,-0.015625
2436,0.015625,-0.015625
2437,-0.015625,0.015625
2438,-0.015625,-0.015625
2439,-0.015625,-0.015625
2440,-0.015625,0.015625
2441,-0.015625,-0.015625
2442,-0.015625,-0.015625
2443,0.015625,-0.015625
2444,0.015625,0.015625
2445,0.015625,0.015625
2446,0.015625,0.015625
2447,0.015625,0.015625
2448,0.015625,0.015625
2449,0.015625,0.015625
2450,0.015625,0.015625
2451,0.015625,0.015625
2452,0.015625,0.015625
2453,0.015625,0.015625
2454,0.015625,0.015625
2455,0.015625,-0.015625
2456,0.015625,-0.015625
2457,0.015625,-0.015625
2458,0.015625,-0.015625
2459,0.015625,-0.015625
2460,0.015625,-0.015625
2461,0.015625,-0.015625
2462,0.015625,-0.015625
2463,-0.015625,0.015625
2464,0.015625,-0.015625
2465,0.015625,-0.015625
2466,-0.015625,-0.015625
2467,0.015625,-0.015625
2468,0.015625,-0.015625
2469,0.015625,0.015625
2470,0.015625,-0.015625
2471,0.015625,0.015625
2472,0.015625,0.015625
2473,0.015625,0.015625
2474,-0.015625,0.015625
2475,0.015625,0.015625
2476,-0.015625,0.015625
2477,-0.015625,0.015625
2478,-0.015625,0.015625
2479,0.015625,0.015625
2480,0.015625,0.015625
2481,-0.015625,0.015625
2482,0.015625,0.015625
2483,0.015625,0.015625
2484,-0.015625,0.015625
2485,0.015625,0.015625
2486,-0.015625,0.015625
2487,0.015625,0.015625
2488,0.015625,0.015625
2489,-0.015625,0.015625
2490,-0.015625,-0.015625
2491,0.015625,0.015625
2492,0.015625,0.015625
2493,0.015625,-0.015625
2494,-0.015625,-0.015625
2495,-0.015625,-0.015625
2496,0.015625,0.015625
2497,0.015625,0.015625
2498,0.015625,-0.015625
2499,0.015625,-0.015625
2500,0.015625,0.015625
2501,-0.015625,0.015625
2502,-0.015625,-0.015625
2503,-0.015625,0.015625
2504,-0.015625,0.015625
2505,-0.015625,-0.015625
2506,0.015625,-0.015625
2507,-0.015625,0.015625
2508,0.015625,-0.015625
2509,0.015625,0.015625
2510,0.015625,0.015625
2511,0.015625,0.015625
2512,0.015625,0.015625
2513,0.015625,0.015625
2514,0.015625,0.015625
2515,0.015625,-0.015625
2516,0.015625,0.015625
2517,0.015625,0.015625
2518,0.015625,-0.015625
2519,0.015625,0.015625
2520,0.015625,-0.015625
2521,0.015625,0.015625
2522,0.015625,-0.015625
2523,0.015625,-0.015625
2524,0.015625,-0.015625
2525,0.015625,-0.015625
2526,0.015625,0.015625
2527,-0.015625,-0.015625
2528,0.015625,-0.015625
2529,0.015625,0.015625
2530,-0.015625,-0.015625
2531,-0.015625,0.015625
2532,0.015625,0.015625
2533,0.015625,0.015625
2534,0.015625,0.015625
2535,0.015625,0.015625
2536,-0.015625,-0.015625
2537,0.015625,0.015625
2538,0.015625,0.015625
2539,0.015625,0.015625
2540,-0.015625,0.015625
2541,-0.015625,0.015625
2542,-0.015625,0.015625
2543,-0.015625,0.015625
2544,-0.015625,0.015625
2545,0.015625,-0.015625
2546,0.015625,0.015625
2547,0.015625,0.015625
2548,-0.015625,0.015625
2549,0.015625,0.015625
2550,-0.015625,-0.015625
2551,-0.015625,-0.015625
2552,-0.015625,-0.015625
2553,-0.015625,-0.015625
2554,-0.015625,-0.015625
2555,0.015625,0.015625
2556,0.015625,0.015625
2557,-0.015625,0.015625
2558,0.015625,-0.015625
2559,-0.015625,-0.015625
2560,0.015625,0.015625
2561,0.015625,0.015625
2562,0.015625,0.015625
2563,0.015625,0.015625
2564,0.015625,0.015625
2565,0.015625,0.015625
2566,0.015625,0.015625
2567,0.015625,0.015625
2568,0.015625,-0.015625
2569,0.015625,-0.015625
2570,0.015625,-0.015625
2571,0.015625,-0.015625
2572,0.015625,0.015625
2573,0.015625,0.015625
2574,0.015625,0.015625
2575,0.015625,0.015625
2576,0.015625,-0.015625
2577,0.015625,0.015625
2578,0.015625,0.015625
2579,0.015625,-0.015625
2580,0.015625,-0.015625
2581,0.015625,-0.015625
2582,0.015625,-0.015625
2583,0.015625,-0.015625
2584,0.015625,-0.015625
2585,0.015625,0.015625
2586,0.015625,-0.015625
2587,0.015625,-0.015625
2588,0.015625,-0.015625
2589,0.015625,-0.015625
2590,0.015625,0.015625
2591,0.015625,-0.015625
2592,0.015625,-0.015625
2593,0.015625,-0.015625
2594,0.015625,0.015625
2595,0.015625,0.015625
2596,0.015625,0.015625
2597,0.015625,0.015625
2598,0.015625,0.015625
2599,0.015625,-0.015625
2600,-0.015625,0.015625
2601,0.015625,0.015625
2602,-0.015625,0.015625
2603,0.015625,0.015625
2604,0.015625,0.015625
2605,0.015625,0.015625
2606,0.015625,0.015625
2607,-0.015625,0.015625
2608,0.015625,0.015625
2609,-0.015625,0.015625
2610,0.015625,0.015625
2611,0.015625,0.015625
2612,0.015625,0.015625
2613,0.015625,0.015625
2614,-0.015625,0.015625
2615,0.015625,0.015625
2616,-0.015625,0.015625
2617,0.015625,-0.015625
2618,0.015625,-0.015625
2619,-0.015625,-0.015625
2620,0.015625,0.015625
2621,-0.015625,0.015625
2622,-0.015625,-0.015625
2623,-0.015625,0.015625
2624,0.015625,0.015625
2625,0.015625,0.015625
2626,0.015625,-0.015625
2627,0.015625,-0.015625
2628,0.015625,0.015625
2629,0.015625,0.015625
2630,0.015625,0.015625
2631,0.015625,-0.015625
2632,0.015625,-0.015625
2633,0.015625,-0.015625
2634,0.015625,-0.015625
2635,0.015625,-0.015625
2636,0.015625,0.015625
2637,0.015625,0.015625
2638,0.015625,-0.015625
2639,0.015625,0.015625
2640,0.015625,0.015625
2641,0.015625,-0.015625
2642,0.015625,0.015625
2643,0.015625,0.015625
2644,0.015625,-0.015625
2645,0.015625,0.015625
2646,0.015625,-0.015625
2647,0.015625,-0.015625
2648,0.015625,-0.015625
2649,0.015625,0.015625
2650,0.015625,0.015625
2651,0.015625,-0.015625
2652,0.015625,-0.015625
2653,0.015625,-0.015625
2654,0.015625,0.015625
2655,0.015625,-0.015625
2656,0.015625,-0.015625
2657,-0.015625,-0.015625
2658,0.015625,-0.015625
2659,0.015625,-0.015625
2660,0.015625,-0.015625
2661,0.015625,0.015625
2662,0.015625,0.015625
2663,0.015625,-0.015625
2664,0.015625,-0.015625
2665,-0.015625,0.015625
2666,0.015625,0.015625
2667,-0.015625,0.015625
2668,0.015625,0.015625
2669,0.015625,0.015625
2670,-0.015625,0.015625
2671,-0.015625,0.015625
2672,0.015625,0.015625
2673,-0.015625,0.015625
2674,0.015625,-0.015625
2675,0.015625,0.015625
2676,-0.015625,0.015625
2677,0.015625,0.015625
2678,0.015625,-0.015625
2679,0.015625,-0.015625
2680,-0.015625,-0.015625
2681,-0.015625,-0.015625
2682,-0.015625,-0.015625
2683,-0.015625,-0.015625
2684,0.015625,0.015625
2685,0.015625,0.015625
2686,-0.015625,-0.015625
2687,-0.015625,0.015625
2688,0.015625,-0.015625
2689,0.015625,0.015625
2690,0.015625,0.015625
2691,0.015625,0.015625
2692,0.015625,-0.015625
2693,-0.015625,0.015625
2694,0.015625,0.015625
2695,-0.015625,-0.015625
2696,0.015625,0.015625
2697,-0.015625,0.015625
2698,0.015625,-0.015625
2699,0.015625,-0.015625
2700,0.015625,-0.015625
2701,0.015625,-0.015625
2702,0.015625,-0.015625
2703,0.015625,-0.015625
2704,0.015625,-0.015625
2705,0.015625,-0.015625
2706,0.015625,-0.015625
2707,0.015625,0.015625
2708,0.015625,-0.015625
2709,0.015625,-0.015625
2710,0.015625,-0.015625
2711,0.015625,0.015625
2712,0.015625,-0.015625
2713,0.015625,-0.015625
2714,0.015625,0.015625
2715,0.015625,-0.015625
2716,0.015625,-0.015625
2717,0.015625,-0.015625
2718,0.015625,-0.015625
2719,0.015625,0.015625
2720,0.015625,0.015625
2721,0.015625,0.015625
2722,0.015625,-0.015625
2723,0.015625,-0.015625
2724,0.015625,-0.015625
2725,0.015625,0.015625
2726,0.015625,-0.015625
2727,0.015625,0.015625
2728,0.015625,-0.015625
2729,-0.015625,0.015625
2730,0.015625,0.015625
2731,0.015625,0.015625
2732,-0.015625,0.015625
2733,0.015625,0.015625
2734,0.015625,0.015625
2735,-0.015625,0.015625
2736,0.015625,0.015625
2737,0.015625,0.015625
2738,0.015625,-0.015625
2739,-0.015625,0.015625
2740,0.015625,0.015625
2741,0.015625,-0.015625
2742,0.015625,-0.015625
2743,0.015625,-0.015625
2744,0.015625,-0.015625
2745,-0.015625,0.015625
2746,0.015625,0.015625
2747,-0.015625,-0.015625
2748,-0.015625,0.015625
2749,0.015625,0.015625
2750,0.015625,-0.015625
2751,0.015625,-0.015625
2752,0.015625,-0.015625
2753,0.015625,-0.015625
2754,0.015625,-0.015625
2755,0.015625,0.015625
2756,-0.015625,0.015625
2757,0.015625,0.015625
2758,0.015625,-0.015625
2759,-0.015625,-0.015625
2760,0.015625,0.015625
2761,-0.015625,-0.015625
2762,-0.015625,-0.015625
2763,0.015625,0.015625
2764,0.015625,-0.015625
2765,0.015625,-0.015625
2766,0.015625,-0.015625
2767,0.015625,0.015625
2768,0.015625,0.015625
2769,0.015625,-0.015625
2770,0.015625,-0.015625
2771,0.015625,-0.015625
2772,0.015625,0.015625
2773,0.015625,0.015625
2774,0.015625,0.015625
2775,0.015625,0.015625
2776,0.015625,-0.015625
2777,0.015625,-0.015625
2778,0.015625,-0.015625
2779,0.015625,0.015625
2780,0.015625,-0.015625
2781,0.015625,-0.015625
2782,0.015625,-0.015625
2783,0.015625,0.015625
2784,0.015625,-0.015625
2785,0.015625,-0.015625
2786,0.015625,-0.015625
2787,0.015625,-0.015625
2788,0.015625,-0.015625
2789,0.015625,0.015625
2790,-0.015625,0.015625
2791,0.015625,0.015625
2792,0.015625,0.015625
2793,0.015625,0.015625
2794,0.015625,0.015625
2795,-0.015625,0.015625
2796,-0.015625,0.015625
2797,0.015625,0.015625
2798,0.015625,0.015625
2799,0.015625,0.015625
2800,0.015625,0.015625
2801,0.015625,-0.015625
2802,0.015625,-0.015625
2803,0.015625,-0.015625
2804,0.015625,-0.015625
2805,0.015625,-0.015625
2806,0.015625,-0.015625
2807,0.015625,-0.015625
2808,-0.015625,-0.015625
2809,-0.015625,0.015625
2810,-0.015625,0.015625
2811,-0.015625,0.015625
2812,0.015625,-0.015625
2813,0.015625,0.015625
2814,-0.015625,-0.015625
2815,-0.015625,-0.015625
2816,0.015625,0.015625
2817,0.015625,0.015625
2818,0.015625,0.015625
2819,0.015625,0.015625
2820,0.015625,0.015625
2821,0.015625,0.015625
2822,-0.015625,0.015625
2823,-0.015625,0.015625
2824,-0.015625,0.015625
2825,-0.015625,-0.015625
2826,-0.015625,-0.015625
2827,0.015625,-0.015625
2828,0.015625,-0.015625
2829,0.015625,0.015625
2830,0.015625,-0.015625
2831,0.015625,-0.015625
2832,0.015625,-0.015625
2833,0.015625,-0.015625
2834,0.015625,0.015625
2835,0.015625,-0.015625
2836,0.015625,-0.015625
2837,0.015625,-0.015625
2838,0.015625,-0.015625
2839,0.015625,-0.015625
2840,0.015625,-0.015625
2841,0.015625,-0.015625
2842,0.015625,-0.015625
2843,0.015625,0.015625
2844,0.015625,-0.015625
2845,0.015625,-0.015625
2846,0.015625,-0.015625
2847,0.015625,0.015625
2848,0.015625,-0.015625
2849,0.015625,0.015625
2850,-0.015625,-0.015625
2851,0.015625,-0.015625
2852,-0.015625,-0.015625
2853,0.015625,-0.015625
2854,-0.015625,0.015625
2855,-0.015625,0.015625
2856,0.015625,0.015625
2857,0.015625,0.015625
2858,0.015625,0.015625
2859,0.015625,0.015625
2860,0.015625,0.015625
2861,-0.015625,-0.015625
2862,-0.015625,-0.015625
2863,-0.015625,0.015625
2864,0.015625,0.015625
2865,0.015625,-0.015625
2866,-0.015625,0.015625
2867,0.015625,-0.015625
2868,0.015625,0.015625
2869,0.015625,-0.015625
2870,0.015625,0.015625
2871,-0.015625,0.015625
2872,-0.015625,0.015625
2873,0.015625,-0.015625
2874,0.015625,-0.015625
2875,0.015625,0.015625
2876,0.015625,-0.015625
2877,-0.015625,-0.015625
2878,-0.015625,-0.015625
2879,-0.015625,-0.015625
2880,0.015625,0.015625
2881,0.015625,0.015625
2882,0.015625,0.015625
2883,-0.015625,0.015625
2884,0.015625,0.015625
2885,-0.015625,0.015625
2886,-0.015625,0.015625
2887,-0.015625,0.015625
2888,-0.015625,0.015625
2889,0.015625,0.015625
2890,0.015625,-0.015625
2891,0.015625,-0.015625
2892,0.015625,-0.015625
2893,0.015625,-0.015625
2894,0.015625,0.015625
2895,-0.015625,0.015625
2896,0.015625,-0.015625
2897,0.015625,-0.015625
2898,0.015625,0.015625
2899,0.015625,-0.015625
2900,0.015625,-0.015625
2901,0.015625,0.015625
2902,0.015625,-0.015625
2903,0.015625,-0.015625
2904,0.015625,-0.015625
2905,0.015625,-0.015625
2906,0.015625,0.015625
2907,0.015625,-0.015625
2908,0.015625,-0.015625
2909,0.015625,0.015625
2910,0.015625,-0.015625
2911,0.015625,-0.015625
2912,0.015625,-0.015625
2913,-0.015625,0.015625
2914,-0.015625,0.015625
2915,-0.015625,-0.015625
2916,-0.015625,0.015625
2917,0.015625,-0.015625
2918,0.015625,-0.015625
2919,-0.015625,0.015625
2920,0.015625,-0.015625
2921,0.015625,-0.015625
2922,-0.015625,-0.015625
2923,0.015625,0.015625
2924,-0.015625,0.015625
2925,0.015625,0.015625
2926,-0.015625,-0.015625
2927,-0.015625,0.015625
2928,-0.015625,-0.015625
2929,0.015625,0.015625
2930,0.015625,0.015625
2931,0.015625,-0.015625
2932,0.015625,-0.015625
2933,-0.015625,0.015625
2934,0.015625,0.015625
2935,-0.015625,-0.015625
2936,-0.015625,0.015625
2937,-0.015625,0.015625
2938,-0.015625,-0.015625
2939,-0.015625,0.015625
2940,-0.015625,0.015625
2941,-0.015625,-0.015625
2942,-0.015625,0.015625
2943,-0.015625,0.015625
2944,0.015625,0.015625
2945,0.015625,0.015625
2946,0.015625,0.015625
2947,0.015625,0.015625
2948,-0.015625,0.015625
2949,-0.015625,0.015625
2950,-0.015625,0.015625
2951,-0.015625,0.015625
2952,0.015625,0.015625
2953,0.015625,-0.015625
2954,-0.015625,0.015625
2955,0.015625,-0.015625
2956,0.015625,-0.015625
2957,-0.015625,-0.015625
2958,0.015625,-0.015625
2959,0.015625,-0.015625
2960,0.015625,-0.015625
2961,0.015625,-0.015625
2962,0.015625,-0.015625
2963,0.015625,0.015625
2964,0.015625,-0.015625
2965,0.015625,-0.015625
2966,0.015625,-0.015625
2967,0.015625,-0.015625
2968,0.015625,0.015625
2969,0.015625,-0.015625
2970,0.015625,0.015625
2971,0.015625,-0.015625
2972,0.015625,-0.015625
2973,0.015625,0.015625
2974,0.015625,-0.015625
2975,0.015625,-0.015625
2976,0.015625,-0.015625
2977,0.015625,-0.015625
2978,0.015625,-0.015625
2979,0.015625,-0.015625
2980,-0.015625,0.015625
2981,0.015625,-0.015625
2982,0.015625,-0.015625
2983,0.015625,-0.015625
2984,-0.015625,0.015625
2985,0.015625,-0.015625
2986,0.015625,-0.015625
2987,-0.015625,0.015625
2988,0.015625,0.015625
2989,-0.015625,-0.015625
2990,-0.015625,-0.015625
2991,0.015625,-0.015625
2992,0.015625,0.015625
2993,0.015625,-0.015625
2994,0.015625,0.015625
2995,0.015625,-0.015625
2996,0.015625,0.015625
2997,0.015625,0.015625
2998,0.015625,-0.015625
2999,-0.015625,0.015625
3000,-0.015625,0.015625
3001,0.015625,-0.015625
3002,-0.015625,-0.015625
3003,-0.015625,-0.015625
3004,-0.015625,-0.015625
3005,-0.015625,-0.015625
3006,-0.015625,-0.015625
3007,-0.015625,0.015625
3008,0.015625,0.015625
3009,-0.015625,0.015625
3010,0.015625,0.015625
3011,-0.015625,0.015625
3012,-0.015625,0.015625
3013,0.015625,0.015625
3014,-0.015625,0.015625
3015,-0.015625,0.015625
3016,-0.015625,-0.015625
3017,0.015625,0.015625
3018,0.015625,-0.015625
3019,0.015625,-0.015625
3020,0.015625,0.015625
3021,0.015625,0.015625
3022,-0.015625,-0.015625
3023,0.015625,-0.015625
3024,0.015625,-0.015625
3025,-0.015625,-0.015625
3026,0.015625,0.015625
3027,0.015625,-0.015625
3028,0.015625,-0.015625
3029,0.015625,-0.015625
3030,0.015625,-0.015625
3031,0.015625,-0.015625
3032,0.015625,0.015625
3033,0.015625,0.015625
3034,0.015625,0.015625
3035,0.015625,0.015625
3036,0.015625,0.015625
3037,0.015625,-0.015625
3038,0.015625,-0.015625
3039,0.015625,-0.015625
3040,-0.015625,0.015625
3041,0.015625,0.015625
3042,-0.015625,-0.015625
3043,0.015625,0.015625
3044,0.015625,-0.015625
3045,0.015625,-0.015625
3046,-0.015625,-0.015625
3047,-0.015625,0.015625
3048,-0.015625,-0.015625
3049,0.015625,0.015625
3050,-0.015625,-0.015625
3051,0.015625,0.015625
3052,0.015625,-0.015625
3053,-0.015625,-0.015625
3054,-0.015625,-0.015625
3055,-0.015625,0.015625
3056,0.015625,-0.015625
3057,0.015625,0.015625
3058,0.015625,0.015625
3059,0.015625,0.015625
3060,0.015625,0.015625
3061,0.015625,0.015625
3062,0.015625,0.015625
3063,0.015625,0.015625
3064,0.015625,0.015625
3065,0.015625,0.015625
3066,0.015625,-0.015625
3067,0.015625,0.015625
3068,-0.015625,0.015625
3069,-0.015625,0.015625
3070,0.015625,0.015625
3071,0.015625,-0.015625
3072,-0.015625,0.015625
3073,-0.015625,0.015625
3074,0.015625,0.015625
3075,-0.015625,0.015625
3076,0.015625,0.015625
3077,-0.015625,0.015625
3078,-0.015625,0.015625
3079,0.015625,0.015625
3080,0.015625,0.015625
3081,0.015625,-0.015625
3082,0.015625,-0.015625
3083,0.015625,0.015625
3084,0.015625,-0.015625
3085,0.015625,-0.015625
3086,0.015625,-0.015625
3087,0.015625,-0.015625
3088,0.015625,-0.015625
3089,0.015625,-0.015625
3090,0.015625,-0.015625
3091,0.015625,-0.015625
3092,0.015625,-0.015625
3093,0.015625,0.015625
3094,0.015625,-0.015625
3095,0.015625,0.015625
3096,0.015625,0.015625
3097,0.015625,0.015625
3098,0.015625,-0.015625
3099,0.015625,-0.015625
3100,0.015625,0.015625
3101,0.015625,0.015625
3102,0.015625,-0.015625
3103,0.015625,0.015625
3104,-0.015625,0.015625
3105,0.015625,0.015625
3106,0.015625,0.015625
3107,0.015625,0.015625
3108,0.015625,-0.015625
3109,0.015625,-0.015625
3110,0.015625,0.015625
3111,0.015625,-0.015625
3112,-0.015625,-0.015625
3113,0.015625,0.015625
3114,0.015625,-0.015625
3115,0.015625,0.015625
3116,0.015625,0.015625
3117,0.015625,0.015625
3118,0.015625,0.015625
3119,-0.015625,0.015625
3120,0.015625,0.015625
3121,0.015625,0.015625
3122,0.015625,0.015625
3123,0.015625,0.015625
3124,0.015625,0.015625
3125,0.015625,0.015625
3126,0.015625,0.015625
3127,0.015625,0.015625
3128,0.015625,0.015625
3129,0.015625,0.015625
3130,0.015625,0.015625
3131,0.015625,0.015625
3132,0.015625,0.015625
3133,0.015625,0.015625
3134,0.015625,0.015625
3135,0.015625,0.015625
3136,0.015625,0.015625
3137,-0.015625,0.015625
3138,0.015625,0.015625
3139,0.015625,0.015625
3140,0.015625,0.015625
3141,-0.015625,0.015625
3142,-0.015625,0.015625
3143,0.015625,0.015625
3144,0.015625,0.015625
3145,0.015625,-0.015625
3146,0.015625,-0.015625
3147,0.015625,-0.015625
3148,0.015625,-0.015625
3149,0.015625,-0.015625
3150,0.015625,-0.015625
3151,0.015625,0.015625
3152,0.015625,-0.015625
3153,0.015625,0.015625
3154,0.015625,-0.015625
3155,0.015625,-0.015625
3156,0.015625,-0.015625
3157,0.015625,0.015625
3158,0.015625,0.015625
3159,0.015625,0.015625
3160,0.015625,0.015625
3161,0.015625,0.015625
3162,0.015625,-0.015625
3163,0.015625,0.015625
3164,0.015625,0.015625
3165,0.015625,0.015625
3166,0.015625,0.015625
3167,-0.015625,0.015625
3168,0.015625,0.015625
3169,0.015625,0.015625
3170,0.015625,0.015625
3171,0.015625,0.015625
3172,0.015625,0.015625
3173,0.015625,0.015625
3174,-0.015625,0.015625
3175,0.015625,-0.015625
3176,-0.015625,0.015625
3177,0.015625,-0.015625
3178,-0.015625,-0.015625
3179,0.015625,-0.015625
3180,0.015625,0.015625
3181,0.015625,0.015625
3182,0.015625,0.015625
3183,0.015625,0.015625
3184,0.015625,0.015625
3185,0.015625,0.015625
3186,0.015625,0.015625
3187,0.015625,0.015625
3188,0.015625,0.015625
3189,0.015625,0.015625
3190,0.015625,0.015625
3191,0.015625,0.015625
3192,0.015625,0.015625
3193,0.015625,0.015625
3194,0.015625,0.015625
3195,0.015625,0.015625
3196,0.015625,0.015625
3197,0.015625,0.015625
3198,0.015625,0.015625
3199,0.015625,0.015625
3200,-0.015625,-0.015625
3201,0.015625,0.015625
3202,-0.015625,0.015625
3203,0.015625,0.015625
3204,-0.015625,0.015625
3205,-0.015625,0.015625
3206,-0.015625,0.015625
3207,-0.015625,0.015625
3208,0.015625,0.015625
3209,0.015625,-0.015625
3210,0.015625,-0.015625
3211,0.015625,-0.015625
3212,0.015625,0.015625
3213,0.015625,0.015625
3214,0.015625,-0.015625
3215,0.015625,-0.015625
3216,0.015625,-0.015625
3217,-0.015625,-0.015625
3218,0.015625,-0.015625
3219,0.015625,-0.015625
3220,0.015625,-0.015625
3221,0.015625,-0.015625
3222,0.015625,-0.015625
3223,0.015625,-0.015625
3224,0.015625,-0.015625
3225,0.015625,-0.015625
3226,0.015625,0.015625
3227,0.015625,-0.015625
3228,0.015625,0.015625
3229,0.015625,0.015625
3230,0.015625,0.015625
3231,0.015625,0.015625
3232,0.015625,0.015625
3233,0.015625,0.015625
3234,0.015625,0.015625
3235,0.015625,0.015625
3236,-0.015625,-0.015625
3237,0.015625,0.015625
3238,0.015625,0.015625
3239,0.015625,-0.015625
3240,-0.015625,0.015625
3241,-0.015625,-0.015625
3242,0.015625,0.015625
3243,-0.015625,0.015625
3244,-0.015625,-0.015625
3245,0.015625,0.015625
3246,0.015625,0.015625
3247,0.015625,0.015625
3248,0.015625,0.015625
3249,0.015625,0.015625
3250,0.015625,0.015625
3251,0.015625,0.015625
3252,0.015625,0.015625
3253,0.015625,0.015625
3254,0.015625,0.015625
3255,0.015625,0.015625
3256,0.015625,0.015625
3257,0.015625,0.015625
3258,0.015625,0.015625
3259,0.015625,0.015625
3260,0.015625,0.015625
3261,0.015625,0.015625
3262,0.015625,0.015625
3263,0.015625,0.015625
3264,-0.015625,0.015625
3265,-0.015625,0.015625
3266,0.015625,0.015625
3267,-0.015625,0.015625
3268,0.015625,0.015625
3269,-0.015625,0.015625
3270,-0.015625,0.015625
3271,-0.015625,0.015625
3272,0.015625,0.015625
3273,0.015625,-0.015625
3274,0.015625,-0.015625
3275,0.015625,0.015625
3276,0.015625,0.015625
3277,0.015625,0.015625
3278,0.015625,-0.015625
3279,0.015625,-0.015625
3280,0.015625,-0.015625
3281,0.015625,0.015625
3282,0.015625,-0.015625
3283,0.015625,-0.015625
3284,0.015625,-0.015625
3285,0.015625,-0.015625
3286,0.015625,0.015625
3287,0.015625,-0.015625
3288,0.015625,-0.015625
3289,0.015625,-0.015625
3290,-0.015625,-0.015625
3291,-0.015625,-0.015625
3292,0.015625,-0.015625
3293,-0.015625,0.015625
3294,-0.015625,0.015625
3295,0.015625,0.015625
3296,0.015625,0.015625
3297,0.015625,0.015625
3298,0.015625,0.015625
3299,0.015625,0.015625
3300,-0.015625,0.015625
3301,0.015625,0.015625
3302,0.015625,-0.015625
3303,0.015625,-0.015625
3304,0.015625,-0.015625
3305,-0.015625,0.015625
3306,-0.015625,0.015625
3307,-0.015625,-0.015625
3308,0.015625,0.015625
3309,0.015625,0.015625
3310,-0.015625,0.015625
3311,0.015625,0.015625
3312,0.015625,0.015625
3313,0.015625,0.015625
3314,0.015625,0.015625
3315,0.015625,0.015625
3316,0.015625,0.015625
3317,0.015625,0.015625
3318,0.015625,0.015625
3319,0.015625,0.015625
3320,0.015625,0.015625
3321,0.015625,0.015625
3322,0.015625,0.015625
3323,0.015625,0.015625
3324,0.015625,0.015625
3325,0.015625,0.015625
3326,0.015625,0.015625
3327,0.015625,0.015625
3328,-0.015625,0.015625
3329,-0.015625,-0.015625
3330,-0.015625,0.015625
3331,-0.015625,0.015625
3332,-0.015625,0.015625
3333,0.015625,0.015625
3334,0.015625,0.015625
3335,0.015625,-0.015625
3336,0.015625,-0.015625
3337,0.015625,-0.015625
3338,0.015625,-0.015625
3339,0.015625,0.015625
3340,0.015625,-0.015625
3341,0.015625,0.015625
3342,0.015625,-0.015625
3343,0.015625,-0.015625
3344,0.015625,-0.015625
3345,0.015625,0.015625
3346,0.015625,-0.015625
3347,0.015625,0.015625
3348,0.015625,0.015625
3349,0.015625,-0.015625
3350,0.015625,-0.015625
3351,0.015625,-0.015625
3352,0.015625,0.015625
3353,0.015625,-0.015625
3354,0.015625,-0.015625
3355,0.015625,-0.015625
3356,0.015625,0.015625
3357,0.015625,0.015625
3358,-0.015625,0.015625
3359,-0.015625,0.015625
3360,-0.015625,0.015625
3361,-0.015625,0.015625
3362,-0.015625,0.015625
3363,0.015625,0.015625
3364,0.015625,0.015625
3365,0.015625,0.015625
3366,0.015625,0.015625
3367,0.015625,-0.015625
3368,0.015625,0.015625
3369,-0.015625,0.015625
3370,0.015625,-0.015625
3371,-0.015625,0.015625
3372,-0.015625,0.015625
3373,-0.015625,0.015625
3374,0.015625,0.015625
3375,0.015625,0.015625
3376,0.015625,0.015625
3377,0.015625,0.015625
3378,0.015625,0.015625
3379,0.015625,0.015625
3380,0.015625,0.015625
3381,0.015625,0.015625
3382,0.015625,0.015625
3383,0.015625,0.015625
3384,0.015625,0.015625
3385,0.015625,0.015625
3386,0.015625,0.015625
3387,0.015625,0.015625
3388,0.015625,0.015625
3389,0.015625,0.015625
3390,0.015625,0.015625
3391,0.015625,0.015625
3392,-0.015625,-0.015625
3393,-0.015625,-0.015625
3394,-0.015625,-0.015625
3395,-0.015625,-0.015625
3396,0.015625,0.015625
3397,-0.015625,-0.015625
3398,0.015625,-0.015625
3399,0.015625,0.015625
3400,0.015625,-0.015625
3401,0.015625,-0.015625
3402,0.015625,-0.015625
3403,0.015625,-0.015625
3404,0.015625,0.015625
3405,0.015625,-0.015625
3406,0.015625,-0.015625
3407,0.015625,-0.015625
3408,0.015625,-0.015625
3409,0.015625,0.015625
3410,0.015625,-0.015625
3411,0.015625,-0.015625
3412,0.015625,0.015625
3413,0.015625,-0.015625
3414,0.015625,0.015625
3415,0.015625,-0.015625
3416,0.015625,-0.015625
3417,-0.015625,-0.015625
3418,-0.015625,0.015625
3419,0.015625,0.015625
3420,0.015625,0.015625
3421,-0.015625,0.015625
3422,-0.015625,0.015625
3423,-0.015625,0.015625
3424,0.015625,0.015625
3425,0.015625,0.015625
3426,-0.015625,0.015625
3427,0.015625,0.015625
3428,0.015625,0.015625
3429,0.015625,-0.015625
3430,0.015625,0.015625
3431,0.015625,-0.015625
3432,0.015625,0.015625
3433,0.015625,-0.015625
3434,-0.015625,0.015625
3435,0.015625,0.015625
3436,-0.015625,0.015625
3437,-0.015625,0.015625
3438,-0.015625,0.015625
3439,0.015625,0.015625
3440,0.015625,0.015625
3441,0.015625,0.015625
3442,0.015625,0.015625
3443,0.015625,0.015625
3444,0.015625,0.015625
3445,0.015625,0.015625
3446,0.015625,0.015625
3447,0.015625,0.015625
3448,0.015625,0.015625
3449,0.015625,0.015625
3450,0.015625,0.015625
3451,0.015625,0.015625
3452,0.015625,0.015625
3453,0.015625,0.015625
3454,0.015625,0.015625
3455,0.015625,0.015625
3456,0.015625,-0.015625
3457,0.015625,0.015625
3458,-0.015625,-0.015625
3459,-0.015625,-0.015625
3460,-0.015625,0.015625
3461,-0.015625,0.015625
3462,-0.015625,-0.015625
3463,0.015625,-0.015625
3464,0.015625,-0.015625
3465,0.015625,-0.015625
3466,0.015625,-0.015625
3467,0.015625,0.015625
3468,0.015625,-0.015625
3469,0.015625,-0.015625
3470,0.015625,0.015625
3471,0.015625,-0.015625
3472,-0.015625,-0.015625
3473,-0.015625,-0.015625
3474,-0.015625,-0.015625
3475,0.015625,-0.015625
3476,0.015625,-0.015625
3477,-0.015625,-0.015625
3478,0.015625,-0.015625
3479,0.015625,-0.015625
3480,-0.015625,-0.015625
3481,-0.015625,-0.015625
3482,-0.015625,0.015625
3483,-0.015625,0.015625
3484,0.015625,0.015625
3485,-0.015625,0.015625
3486,-0.015625,0.015625
3487,0.015625,0.015625
3488,0.015625,0.015625
3489,0.015625,0.015625
3490,0.015625,0.015625
3491,0.015625,0.015625
3492,0.015625,0.015625
3493,0.015625,-0.015625
3494,0.015625,-0.015625
3495,0.015625,-0.015625
3496,-0.015625,-0.015625
3497,0.015625,-0.015625
3498,0.015625,0.015625
3499,-0.015625,-0.015625
3500,-0.015625,0.015625
3501,-0.015625,0.015625
3502,-0.015625,0.015625
3503,-0.015625,0.015625
3504,0.015625,0.015625
3505,0.015625,0.015625
3506,0.015625,0.015625
3507,-0.015625,0.015625
3508,0.015625,0.015625
3509,-0.015625,0.015625
3510,-0.015625,0.015625
3511,0.015625,0.015625
3512,-0.015625,0.015625
3513,0.015625,0.015625
3514,0.015625,0.015625
3515,0.015625,0.015625
3516,0.015625,0.015625
3517,0.015625,0.015625
3518,0.015625,0.015625
3519,0.015625,0.015625
3520,-0.015625,0.015625
3521,0.015625,0.015625
3522,-0.015625,-0.015625
3523,-0.015625,-0.015625
3524,-0.015625,-0.015625
3525,-0.015625,0.015625
3526,0.015625,-0.015625
3527,-0.015625,-0.015625
3528,0.015625,-0.015625
3529,0.015625,0.015625
3530,0.015625,0.015625
3531,0.015625,-0.015625
3532,0.015625,0.015625
3533,0.015625,0.015625
3534,0.015625,-0.015625
3535,-0.015625,-0.015625
3536,0.015625,0.015625
3537,0.015625,-0.015625
3538,0.015625,-0.015625
3539,0.015625,0.015625
3540,-0.015625,0.015625
3541,0.015625,-0.015625
3542,-0.015625,-0.015625
3543,-0.015625,-0.015625
3544,-0.015625,-0.015625
3545,-0.015625,0.015625
3546,-0.015625,-0.015625
3547,0.015625,-0.015625
3548,0.015625,0.015625
3549,-0.015625,0.015625
3550,-0.015625,0.015625
3551,-0.015625,0.015625
3552,0.015625,0.015625
3553,0.015625,0.015625
3554,0.015625,0.015625
3555,0.015625,0.015625
3556,0.015625,0.015625
3557,0.015625,0.015625
3558,0.015625,0.015625
3559,0.015625,0.015625
3560,0.015625,0.015625
3561,0.015625,-0.015625
3562,-0.015625,-0.015625
3563,0.015625,-0.015625
3564,-0.015625,-0.015625
3565,-0.015625,0.015625
3566,-0.015625,0.015625
3567,-0.015625,0.015625
3568,-0.015625,0.015625
3569,0.015625,0.015625
3570,0.015625,0.015625
3571,0.015625,0.015625
3572,0.015625,0.015625
3573,0.015625,0.015625
3574,0.015625,0.015625
3575,-0.015625,0.015625
3576,-0.015625,0.015625
3577,0.015625,0.015625
3578,0.015625,0.015625
3579,0.015625,0.015625
3580,0.015625,0.015625
3581,0.015625,0.015625
3582,0.015625,0.015625
3583,0.015625,0.015625
3584,-0.015625,-0.015625
3585,0.015625,-0.015625
3586,0.015625,-0.015625
3587,-0.015625,0.015625
3588,0.015625,0.015625
3589,-0.015625,-0.015625
3590,0.015625,-0.015625
3591,0.015625,-0.015625
3592,0.015625,-0.015625
3593,0.015625,0.015625
3594,0.015625,0.015625
3595,0.015625,-0.015625
3596,0.015625,0.015625
3597,0.015625,0.015625
3598,-0.015625,-0.015625
3599,0.015625,0.015625
3600,0.015625,0.015625
3601,-0.015625,-0.015625
3602,-0.015625,-0.015625
3603,-0.015625,-0.015625
3604,0.015625,0.015625
3605,0.015625,0.015625
3606,-0.015625,-0.015625
3607,-0.015625,-0.015625
3608,0.015625,0.015625
3609,0.015625,-0.015625
3610,0.015625,-0.015625
3611,0.015625,-0.015625
3612,0.015625,0.015625
3613,-0.015625,0.015625
3614,-0.015625,0.015625
3615,-0.015625,0.015625
3616,0.015625,0.015625
3617,0.015625,0.015625
3618,0.015625,0.015625
3619,0.015625,0.015625
3620,0.015625,0.015625
3621,0.015625,-0.015625
3622,0.015625,-0.015625
3623,0.015625,-0.015625
3624,0.015625,0.015625
3625,0.015625,-0.015625
3626,-0.015625,-0.015625
3627,-0.015625,-0.015625
3628,0.015625,0.015625
3629,0.015625,0.015625
3630,0.015625,0.015625
3631,0.015625,0.015625
3632,-0.015625,0.015625
3633,-0.015625,0.015625
3634,0.015625,0.015625
3635,0.015625,0.015625
3636,0.015625,0.015625
3637,0.015625,0.015625
3638,0.015625,0.015625
3639,-0.015625,0.015625
3640,0.015625,0.015625
3641,0.015625,0.015625
3642,-0.015625,0.015625
3643,0.015625,0.015625
3644,0.015625,0.015625
3645,0.015625,0.015625
3646,0.015625,0.015625
3647,0.015625,0.015625
3648,-0.015625,0.015625
3649,-0.015625,-0.015625
3650,-0.015625,-0.015625
3651,0.015625,-0.015625
3652,0.015625,0.015625
3653,0.015625,-0.015625
3654,-0.015625,0.015625
3655,0.015625,-0.015625
3656,0.015625,-0.015625
3657,0.015625,-0.015625
3658,0.015625,-0.015625
3659,0.015625,-0.015625
3660,0.015625,0.015625
3661,0.015625,-0.015625
3662,0.015625,0.015625
3663,0.015625,-0.015625
3664,-0.015625,-0.015625
3665,0.015625,-0.015625
3666,-0.015625,-0.015625
3667,-0.015625,-0.015625
3668,-0.015625,-0.015625
3669,0.015625,-0.015625
3670,0.015625,-0.015625
3671,-0.015625,-0.015625
3672,-0.015625,-0.015625
3673,0.015625,-0.015625
3674,-0.015625,0.015625
3675,0.015625,0.015625
3676,-0.015625,0.015625
3677,-0.015625,-0.015625
3678,-0.015625,-0.015625
3679,0.015625,0.015625
3680,0.015625,-0.015625
3681,0.015625,0.015625
3682,0.015625,0.015625
3683,0.015625,-0.015625
3684,0.015625,0.015625
3685,0.015625,0.015625
3686,0.015625,-0.015625
3687,0.015625,-0.015625
3688,0.015625,-0.015625
3689,0.015625,-0.015625
3690,0.015625,-0.015625
3691,0.015625,-0.015625
3692,0.015625,-0.015625
3693,0.015625,-0.015625
3694,0.015625,-0.015625
3695,0.015625,0.015625
3696,0.015625,-0.015625
3697,-0.015625,0.015625
3698,-0.015625,0.015625
3699,0.015625,-0.015625
3700,0.015625,0.015625
3701,-0.015625,0.015625
3702,0.015625,0.015625
3703,-0.015625,0.015625
3704,0.015625,0.015625
3705,0.015625,0.015625
3706,0.015625,0.015625
3707,0.015625,0.015625
3708,0.015625,0.015625
3709,0.015625,0.015625
3710,0.015625,0.015625
3711,-0.015625,0.015625
3712,-0.015625,-0.015625
3713,-0.015625,-0.015625
3714,-0.015625,0.015625
3715,-0.015625,0.015625
3716,-0.015625,-0.015625
3717,-0.015625,-0.015625
3718,-0.015625,-0.015625
3719,-0.015625,-0.015625
3720,0.015625,-0.015625
3721,0.015625,0.015625
3722,-0.015625,-0.015625
3723,0.015625,-0.015625
3724,-0.015625,-0.015625
3725,-0.015625,0.015625
3726,-0.015625,-0.015625
3727,0.015625,-0.015625
3728,-0.015625,-0.015625
3729,-0.015625,-0.015625
3730,-0.015625,-0.015625
3731,-0.015625,0.015625
3732,-0.015625,0.015625
3733,-0.015625,-0.015625
3734,-0.015625,-0.015625
3735,-0.015625,-0.015625
3736,-0.015625,-0.015625
3737,-0.015625,-0.015625
3738,-0.015625,-0.015625
3739,-0.015625,-0.015625
3740,-0.015625,0.015625
3741,0.015625,-0.015625
3742,-0.015625,-0.015625
3743,-0.015625,-0.015625
3744,0.015625,0.015625
3745,0.015625,0.015625
3746,0.015625,-0.015625
3747,0.015625,-0.015625
3748,0.015625,-0.015625
3749,0.015625,0.015625
3750,0.015625,-0.015625
3751,0.015625,-0.015625
3752,0.015625,-0.015625
3753,0.015625,-0.015625
3754,0.015625,-0.015625
3755,0.015625,-0.015625
3756,0.015625,-0.015625
3757,0.015625,-0.015625
3758,0.015625,0.015625
3759,0.015625,-0.015625
3760,0.015625,-0.015625
3761,-0.015625,-0.015625
3762,0.015625,-0.015625
3763,-0.015625,-0.015625
3764,0.015625,0.015625
3765,-0.015625,0.015625
3766,-0.015625,0.015625
3767,0.015625,0.015625
3768,-0.015625,0.015625
3769,-0.015625,0.015625
3770,-0.015625,0.015625
3771,-0.015625,0.015625
3772,-0.015625,0.015625
3773,0.015625,0.015625
3774,-0.015625,-0.015625
3775,0.015625,-0.015625
3776,0.015625,-0.015625
3777,-0.015625,-0.015625
3778,-0.015625,0.015625
3779,-0.015625,-0.015625
3780,-0.015625,-0.015625
3781,-0.015625,-0.015625
3782,0.015625,-0.015625
3783,-0.015625,0.015625
3784,-0.015625,-0.015625
3785,-0.015625,-0.015625
3786,-0.015625,-0.015625
3787,-0.015625,-0.015625
3788,0.015625,0.015625
3789,0.015625,-0.015625
3790,-0.015625,0.015625
3791,-0.015625,-0.015625
3792,0.015625,-0.015625
3793,0.015625,-0.015625
3794,-0.015625,-0.015625
3795,0.015625,-0.015625
3796,-0.015625,-0.015625
3797,-0.015625,-0.015625
3798,-0.015625,-0.015625
3799,-0.015625,-0.015625
3800,-0.015625,-0.015625
3801,-0.015625,-0.015625
3802,-0.015625,-0.015625
3803,-0.015625,-0.015625
3804,-0.015625,-0.015625
3805,-0.015625,-0.015625
3806,-0.015625,-0.015625
3807,-0.015625,-0.015625
3808,0.015625,-0.015625
3809,0.015625,-0.015625
3810,0.015625,-0.015625
3811,0.015625,-0.015625
3812,0.015625,-0.015625
3813,0.015625,-0.015625
3814,0.015625,-0.015625
3815,0.015625,-0.015625
3816,0.015625,-0.015625
3817,0.015625,0.015625
3818,-0.015625,-0.015625
3819,-0.015625,0.015625
3820,0.015625,-0.015625
3821,0.015625,-0.015625
3822,0.015625,-0.015625
3823,0.015625,0.015625
3824,-0.015625,0.015625
3825,-0.015625,-0.015625
3826,0.015625,0.015625
3827,-0.015625,0.015625
3828,-0.015625,0.015625
3829,-0.015625,0.015625
3830,0.015625,0.015625
3831,-0.015625,0.015625
3832,0.015625,0.015625
3833,0.015625,0.015625
3834,-0.015625,0.015625
3835,0.015625,0.015625
3836,-0.015625,0.015625
3837,0.015625,-0.015625
3838,-0.015625,0.015625
3839,0.015625,0.015625
3840,-0.015625,-0.015625
3841,-0.015625,0.015625
3842,0.015625,-0.015625
3843,-0.015625,-0.015625
3844,-0.015625,-0.015625
3845,0.015625,-0.015625
3846,0.015625,-0.015625
3847,-0.015625,-0.015625
3848,0.015625,0.015625
3849,-0.015625,0.015625
3850,-0.015625,0.015625
3851,-0.015625,0.015625
3852,0.015625,0.015625
3853,-0.015625,0.015625
3854,-0.015625,0.015625
3855,-0.015625,0.015625
3856,0.015625,0.015625
3857,0.015625,0.015625
3858,0.015625,0.015625
3859,0.015625,0.015625
3860,0.015625,0.015625
3861,-0.015625,0.015625
3862,-0.015625,0.015625
3863,-0.015625,0.015625
3864,-0.015625,-0.015625
3865,-0.015625,0.015625
3866,-0.015625,-0.015625
3867,-0.015625,-0.015625
3868,0.015625,0.015625
3869,-0.015625,0.015625
3870,-0.015625,-0.015625
3871,-0.015625,-0.015625
3872,-0.015625,0.015625
3873,-0.015625,-0.015625
3874,0.015625,-0.015625
3875,0.015625,0.015625
3876,-0.015625,0.015625
3877,0.015625,-0.015625
3878,0.015625,-0.015625
3879,0.015625,-0.015625
3880,0.015625,0.015625
3881,0.015625,0.015625
3882,0.015625,0.015625
3883,0.015625,0.015625
3884,0.015625,-0.015625
3885,0.015625,-0.015625
3886,0.015625,-0.015625
3887,-0.015625,0.015625
3888,0.015625,-0.015625
3889,0.015625,0.015625
3890,-0.015625,-0.015625
3891,-0.015625,-0.015625
3892,-0.015625,-0.015625
3893,-0.015625,-0.015625
3894,0.015625,-0.015625
3895,0.015625,-0.015625
3896,0.015625,0.015625
3897,0.015625,-0.015625
3898,-0.015625,-0.015625
3899,0.015625,0.015625
3900,0.015625,0.015625
3901,0.015625,0.015625
3902,-0.015625,0.015625
3903,-0.015625,-0.015625
3904,-0.015625,0.015625
3905,-0.015625,-0.015625
3906,-0.015625,0.015625
3907,-0.015625,0.015625
3908,0.015625,-0.015625
3909,-0.015625,-0.015625
3910,-0.015625,-0.015625
3911,-0.015625,0.015625
3912,-0.015625,0.015625
3913,0.015625,0.015625
3914,-0.015625,-0.015625
3915,-0.015625,-0.015625
3916,-0.015625,0.015625
3917,0.015625,0.015625
3918,-0.015625,0.015625
3919,0.015625,0.015625
3920,0.015625,0.015625
3921,-0.015625,0.015625
3922,0.015625,0.015625
3923,0.015625,0.015625
3924,-0.015625,0.015625
3925,-0.015625,0.015625
3926,-0.015625,0.015625
3927,0.015625,0.015625
3928,-0.015625,-0.015625
3929,-0.015625,-0.015625
3930,-0.015625,-0.015625
3931,-0.015625,0.015625
3932,-0.015625,0.015625
3933,0.015625,0.015625
3934,-0.015625,-0.015625
3935,-0.015625,-0.015625
3936,-0.015625,0.015625
3937,-0.015625,0.015625
3938,0.015625,-0.015625
3939,0.015625,0.015625
3940,0.015625,0.015625
3941,0.015625,-0.015625
3942,0.015625,0.015625
3943,0.015625,-0.015625
3944,0.015625,-0.015625
3945,0.015625,0.015625
3946,0.015625,0.015625
3947,0.015625,-0.015625
3948,0.015625,0.015625
3949,0.015625,-0.015625
3950,0.015625,-0.015625
3951,0.015625,-0.015625
3952,0.015625,0.015625
3953,0.015625,-0.015625
3954,0.015625,-0.015625
3955,-0.015625,-0.015625
3956,-0.015625,0.015625
3957,-0.015625,-0.015625
3958,-0.015625,-0.015625
3959,0.015625,0.015625
3960,0.015625,-0.015625
3961,0.015625,-0.015625
3962,0.015625,-0.015625
3963,-0.015625,-0.015625
3964,-0.015625,0.015625
3965,0.015625,0.015625
3966,0.015625,-0.015625
3967,-0.015625,0.015625
3968,-0.015625,0.015625
3969,0.015625,-0.015625
3970,-0.015625,-0.015625
3971,-0.015625,-0.015625
3972,-0.015625,-0.015625
3973,-0.015625,0.015625
3974,-0.015625,0.015625
3975,-0.015625,-0.015625
3976,0.015625,0.015625
3977,0.015625,-0.015625
3978,-0.015625,0.015625
3979,-0.015625,0.015625
3980,-0.015625,0.015625
3981,-0.015625,0.015625
3982,0.015625,0.015625
3983,0.015625,0.015625
3984,0.015625,0.015625
3985,-0.015625,0.015625
3986,-0.015625,0.015625
3987,0.015625,0.015625
3988,0.015625,0.015625
3989,-0.015625,0.015625
3990,-0.015625,0.015625
3991,-0.015625,0.015625
3992,-0.015625,-0.015625
3993,-0.015625,0.015625
3994,-0.015625,-0.015625
3995,-0.015625,-0.015625
3996,-0.015625,-0.015625
3997,0.015625,-0.015625
3998,-0.015625,-0.015625
3999,-0.015625,-0.015625
4000,-0.015625,-0.015625
4001,-0.015625,0.015625
4002,0.015625,-0.015625
4003,-0.015625,-0.015625
4004,0.015625,0.015625
4005,0.015625,0.015625
4006,0.015625,-0.015625
4007,0.015625,0.015625
4008,0.015625,0.015625
4009,0.015625,-0.015625
4010,0.015625,-0.015625
4011,0.015625,-0.015625
4012,0.015625,0.015625
4013,0.015625,-0.015625
4014,-0.015625,-0.015625
4015,0.015625,-0.015625
4016,-0.015625,-0.015625
4017,0.015625,-0.015625
4018,-0.015625,-0.015625
4019,-0.015625,-0.015625
4020,-0.015625,0.015625
4021,-0.015625,-0.015625
4022,0.015625,-0.015625
4023,0.015625,-0.015625
4024,-0.015625,-0.015625
4025,0.015625,-0.015625
4026,-0.015625,-0.015625
4027,-0.015625,-0.015625
4028,-0.015625,-0.015625
4029,0.015625,0.015625
4030,0.015625,-0.015625
4031,-0.015625,-0.015625
4032,-0.015625,-0.015625
4033,-0.015625,0.015625
4034,-0.015625,-0.015625
4035,-0.015625,-0.015625
4036,-0.015625,-0.015625
4037,-0.015625,-0.015625
4038,0.015625,-0.015625
4039,-0.015625,-0.015625
4040,-0.015625,-0.015625
4041,0.015625,-0.015625
4042,-0.015625,0.015625
4043,-0.015625,0.015625
4044,-0.015625,-0.015625
4045,-0.015625,0.015625
4046,0.015625,0.015625
4047,-0.015625,0.015625
4048,-0.015625,0.015625
4049,-0.015625,0.015625
4050,-0.015625,0.015625
4051,-0.015625,0.015625
4052,-0.015625,0.015625
4053,-0.015625,0.015625
4054,-0.015625,-0.015625
4055,-0.015625,0.015625
4056,-0.015625,-0.015625
4057,-0.015625,0.015625
4058,-0.015625,0.015625
4059,-0.015625,-0.015625
4060,-0.015625,0.015625
4061,-0.015625,-0.015625
4062,0.015625,-0.015625
4063,-0.015625,-0.015625
4064,-0.015625,-0.015625
4065,-0.015625,-0.015625
4066,0.015625,0.015625
4067,0.015625,-0.015625
4068,0.015625,-0.015625
4069,0.015625,0.015625
4070,0.015625,0.015625
4071,0.015625,0.015625
4072,0.015625,-0.015625
4073,0.015625,-0.015625
4074,0.015625,-0.015625
4075,0.015625,-0.015625
4076,0.015625,-0.015625
4077,0.015625,-0.015625
4078,-0.015625,-0.015625
4079,0.015625,0.015625
4080,-0.015625,0.015625
4081,0.015625,0.015625
4082,-0.015625,-0.015625
4083,-0.015625,-0.015625
4084,0.015625,-0.015625
4085,-0.015625,-0.015625
4086,-0.015625,-0.015625
4087,-0.015625,-0.015625
4088,-0.015625,-0.015625
4089,-0.015625,-0.015625
4090,-0.015625,-0.015625
4091,-0.015625,-0.015625
4092,0.015625,-0.015625
4093,-0.015625,-0.015625
4094,-0.015625,-0.015625
4095,-0.015625,-0.015625
